CityMatch,Donation_Yr,Object ID
Aarau,1930,1
Abeokuta,1965,1
Abeokuta,1979,2
Abeokuta,1985,1
Abeokuta,1987,1
Abeokuta,2002,1
Abeokuta,2003,1
Abomey,1979,1
Abomey,2002,2
Agen,1918,1
Agra,1898,5
Agra,1993,1
Agra,2015,1
Ahmedabad,2000,1
Ahmedabad,2014,7
Ahmedabad,2016,1
Ajmer,1898,1
Akron,1959,1
Akron,1965,1
Akron,2016,1
Albany,1889,1
Albany,1901,4
Albany,1906,1
Albany,1912,1
Albany,1918,1
Albany,1924,12
Albany,1927,1
Albany,1928,1
Albany,1929,1
Albany,1931,3
Albany,1933,14
Albany,1934,1
Albany,1935,1
Albany,1937,1
Albany,1940,1
Albany,1941,1
Albany,1942,1
Albany,1943,3
Albany,1949,2
Albany,1951,1
Albany,1953,2
Albany,1954,1
Albany,1959,1
Albany,1961,3
Albany,1967,1
Albany,1969,2
Albany,1973,1
Albany,1986,3
Albany,1988,1
Albany,2001,1
Albany,2002,1
Albany,2011,1
Aleppo,1919,1
Aleppo,2013,1
Alexandria,1854,1
Alexandria,1917,7
Alexandria,1918,1
Alexandria,1926,1
Alexandria,1933,2
Algiers,1889,4
Allen,1948,1
Allentown,1969,3
Allentown,2015,1
Amiens,1917,1
Amiens,1929,1
Amiens,1936,1
Amiens,1963,1
Amiens,1982,1
Amiens,1986,2
Amritsar,1955,1
Amritsar,1983,1
Amsterdam,1889,2
Amsterdam,1917,1
Amsterdam,1921,5
Amsterdam,1922,2
Amsterdam,1923,2
Amsterdam,1924,3
Amsterdam,1925,1
Amsterdam,1926,1
Amsterdam,1927,2
Amsterdam,1928,1
Amsterdam,1931,2
Amsterdam,1932,6
Amsterdam,1933,1
Amsterdam,1934,1
Amsterdam,1935,3
Amsterdam,1936,1
Amsterdam,1937,2
Amsterdam,1938,2
Amsterdam,1941,12
Amsterdam,1945,2
Amsterdam,1946,5
Amsterdam,1947,3
Amsterdam,1948,3
Amsterdam,1949,43
Amsterdam,1951,2
Amsterdam,1953,1
Amsterdam,1954,1
Amsterdam,1958,3
Amsterdam,1959,14
Amsterdam,1960,1
Amsterdam,1961,15
Amsterdam,1962,2
Amsterdam,1963,2
Amsterdam,1966,4
Amsterdam,1970,12
Amsterdam,1973,1
Amsterdam,1975,2
Amsterdam,1986,1
Amsterdam,2005,6
Amsterdam,2008,4
Amsterdam,2009,1
Andover,1957,1
Angers,1923,1
Anna,2014,1
Anna,2017,1
Anna,2018,1
Annapolis,1924,3
Antioch,1904,1
Antioch,1950,3
Ardmore,1969,1
Arnhem,1981,1
Arusha,1974,1
Asbury Park,1969,5
Aswan,1910,10
Athens,1889,1
Atlanta,1986,1
Attleboro,1889,1
Attleboro,1964,3
Attleboro,2001,1
Auburn,1966,1
Auckland,2007,1
Auckland,2014,2
Augsburg,1889,6
Augsburg,1904,13
Augsburg,1912,1
Augsburg,1913,30
Augsburg,1918,2
Augsburg,1919,1
Augsburg,1920,2
Augsburg,1921,4
Augsburg,1922,11
Augsburg,1923,3
Augsburg,1924,2
Augsburg,1925,1
Augsburg,1926,12
Augsburg,1927,7
Augsburg,1928,11
Augsburg,1929,32
Augsburg,1930,4
Augsburg,1931,2
Augsburg,1932,4
Augsburg,1933,2
Augsburg,1934,1
Augsburg,1935,3
Augsburg,1936,5
Augsburg,1937,4
Augsburg,1938,3
Augsburg,1940,1
Augsburg,1941,2
Augsburg,1942,16
Augsburg,1944,1
Augsburg,1946,1
Augsburg,1947,7
Augsburg,1949,7
Augsburg,1950,2
Augsburg,1951,6
Augsburg,1952,1
Augsburg,1953,4
Augsburg,1954,2
Augsburg,1955,1
Augsburg,1957,1
Augsburg,1958,2
Augsburg,1959,1
Augsburg,1960,2
Augsburg,1961,1
Augsburg,1963,9
Augsburg,1967,1
Augsburg,1968,2
Augsburg,1969,3
Augsburg,1981,2
Augsburg,1984,3
Augsburg,1985,3
Augsburg,1991,1
Augsburg,1992,2
Augsburg,1995,1
Augsburg,2002,1
Augsburg,2004,2
Augsburg,2013,2
Augsburg,2015,3
Augsburg,2017,1
Aurangabad,1999,1
Aurora,1982,1
Auxerre,1947,1
Auxerre,1982,1
Baghdad,1898,1
Baghdad,1913,1
Baghdad,1925,2
Baghdad,1932,1
Baghdad,1933,1
Baghdad,1950,1
Baghdad,1955,1
Baghdad,1956,2
Baghdad,2004,1
Baghdad,2008,1
Bahraich,1986,1
Baku,1922,2
Balkh,1939,5
Balkh,1979,1
Baltimore,1889,1
Baltimore,1909,1
Baltimore,1913,1
Baltimore,1918,4
Baltimore,1919,2
Baltimore,1921,1
Baltimore,1924,2
Baltimore,1926,7
Baltimore,1929,1
Baltimore,1932,1
Baltimore,1933,6
Baltimore,1934,1
Baltimore,1939,4
Baltimore,1941,2
Baltimore,1942,1
Baltimore,1943,3
Baltimore,1945,1
Baltimore,1946,1
Baltimore,1952,1
Baltimore,1953,4
Baltimore,1954,5
Baltimore,1955,1
Baltimore,1958,1
Baltimore,1962,1
Baltimore,1963,2
Baltimore,1965,5
Baltimore,1968,2
Baltimore,1969,1
Baltimore,1970,3
Baltimore,1971,3
Baltimore,1974,3
Baltimore,1979,1
Baltimore,1980,1
Baltimore,1982,2
Baltimore,1983,1
Baltimore,1984,2
Baltimore,1986,1
Baltimore,1987,11
Baltimore,1989,1
Baltimore,1992,1
Baltimore,1995,1
Baltimore,1997,1
Baltimore,2004,1
Baltimore,2005,1
Baltimore,2009,1
Baltimore,2011,5
Baltimore,2013,1
Baltimore,2015,2
Baltimore,2016,3
Baltimore,2017,1
Baltimore,2018,1
Bamako,1959,1
Bamako,1964,2
Bamako,1979,4
Bamako,1997,4
Bamako,2015,21
Bandung,1889,1
Bandung,1935,1
Baotou,2014,1
Barcelona,1889,1
Barcelona,1917,1
Barcelona,1937,1
Barcelona,1963,1
Barcelona,1969,1
Barcelona,1971,1
Barcelona,1988,1
Barcelona,1990,1
Barcelona,2010,1
Basel,1889,1
Basel,1917,1
Basel,1921,1
Basel,1922,1
Basel,1925,1
Basel,1928,1
Basel,1929,1
Basel,1934,1
Basel,1941,4
Basel,1943,4
Basel,1951,1
Basel,1953,1
Basel,1964,1
Basel,1974,1
Basel,1990,1
Basra,1930,1
Basra,1932,1
Basra,1950,1
Basra,1952,27
Basra,1954,1
Basra,1963,1
Basra,1964,1
Basra,1976,1
Basra,1988,1
Bath,1947,1
Bath,1991,2
Battle Creek,1948,1
Bay City,1970,1
Bedford,1923,1
Bedford,1937,1
Bedford,1981,1
Beijing,1889,2
Beijing,1913,1
Beijing,1935,2
Beijing,1940,1
Belding,1957,1
Belfast,1972,1
Belfast,1981,1
Bella Bella,2011,2
Bend,1889,1
Benevento,1917,1
Bergamo,1945,1
Bergamo,1946,1
Bergamo,1949,1
Bergen,1889,1
Bergenfield,2013,1
Berkeley,1979,1
Berlin,1889,3
Berlin,1913,1
Berlin,1917,3
Berlin,1922,5
Berlin,1924,1
Berlin,1925,2
Berlin,1926,13
Berlin,1928,1
Berlin,1929,3
Berlin,1931,3
Berlin,1932,2
Berlin,1941,11
Berlin,1942,1
Berlin,1944,2
Berlin,1945,1
Berlin,1947,10
Berlin,1950,1
Berlin,1956,1
Berlin,1958,1
Berlin,1960,8
Berlin,1963,3
Berlin,1964,1
Berlin,1967,3
Berlin,1968,4
Berlin,1969,2
Berlin,1970,7
Berlin,1972,158
Berlin,1978,1
Berlin,1987,1
Berlin,1993,1
Berlin,1998,1
Berlin,2007,1
Berlin,2014,2
Berne,1935,1
Berne,1990,1
Besançon,2005,1
Bethlehem,1939,1
Bethlehem,1990,1
Bethlehem,1997,1
Bethlehem,2003,1
Beverly,1940,2
Beverly,1941,1
Beverly,1958,1
Beverly,1962,3
Beverly,1970,1
Beverly,1979,1
Beverly,1984,1
Beverly,1985,1
Bida,2000,2
Bidar,1891,1
Bidar,1919,3
Bidar,1984,1
Bidar,1987,1
Bidar,1996,1
Bidar,1998,1
Bijapur,1944,1
Bijapur,1956,2
Bijapur,1982,3
Bijapur,1983,3
Bijapur,1985,4
Bijapur,1990,2
Bijapur,1998,1
Bijapur,2007,1
Bijapur,2011,1
Bijapur,2013,2
Bikaner,1975,1
Bikaner,1976,1
Bikaner,2015,6
Bilaspur,2015,1
Biloxi,1976,1
Biloxi,1981,1
Biloxi,1982,1
Biloxi,1986,1
Biloxi,2017,6
Biloxi,2018,16
Binghamton,1926,1
Birmingham,1883,7
Birmingham,1907,1
Birmingham,1917,3
Birmingham,1925,1
Birmingham,1937,1
Birmingham,1942,2
Birmingham,1954,3
Birmingham,1956,1
Birmingham,1958,1
Birmingham,1960,3
Birmingham,1963,2
Birmingham,1967,4
Birmingham,1972,1
Birmingham,1978,1
Birmingham,2012,1
Biskra,1954,1
Black River,1965,1
Bluefields,1889,2
Bogota,1979,2
Bologna,1889,4
Bologna,1904,1
Bologna,1912,1
Bologna,1913,1
Bologna,1923,2
Bologna,1926,1
Bologna,1928,4
Bologna,1930,3
Bologna,1931,2
Bologna,1932,1
Bologna,1934,1
Bologna,1936,1
Bologna,1937,16
Bologna,1942,2
Bologna,1944,1
Bologna,1945,2
Bologna,1946,1
Bologna,1947,1
Bologna,1948,1
Bologna,1949,5
Bologna,1950,1
Bologna,1953,1
Bologna,1955,2
Bologna,1958,3
Bologna,1965,1
Bologna,1966,1
Bologna,1969,3
Bologna,1975,1
Bologna,1976,1
Bologna,1991,1
Bologna,1994,1
Bologna,2007,1
Bologna,2009,1
Bolton,1937,1
Bondoukou,1960,1
Bondoukou,1976,1
Bondoukou,1979,1
Bordeaux,1913,1
Boston,1889,2
Boston,1907,3
Boston,1908,1
Boston,1909,37
Boston,1913,1
Boston,1917,1
Boston,1918,3
Boston,1919,1
Boston,1920,1
Boston,1921,1
Boston,1922,3
Boston,1923,3
Boston,1924,26
Boston,1925,2
Boston,1926,2
Boston,1930,7
Boston,1932,2
Boston,1933,145
Boston,1934,2
Boston,1935,2
Boston,1936,2
Boston,1937,2
Boston,1938,7
Boston,1939,6
Boston,1940,8
Boston,1941,17
Boston,1942,4
Boston,1943,8
Boston,1944,3
Boston,1945,2
Boston,1946,9
Boston,1947,3
Boston,1948,3
Boston,1949,6
Boston,1950,7
Boston,1951,12
Boston,1952,9
Boston,1953,8
Boston,1954,13
Boston,1955,1
Boston,1956,5
Boston,1957,5
Boston,1958,9
Boston,1959,3
Boston,1960,7
Boston,1961,7
Boston,1962,12
Boston,1963,6
Boston,1964,1
Boston,1965,9
Boston,1966,5
Boston,1967,9
Boston,1968,2
Boston,1969,7
Boston,1970,8
Boston,1971,12
Boston,1972,2
Boston,1973,4
Boston,1974,1
Boston,1975,3
Boston,1976,4
Boston,1977,2
Boston,1980,5
Boston,1981,3
Boston,1982,6
Boston,1983,4
Boston,1984,4
Boston,1985,2
Boston,1986,4
Boston,1987,1
Boston,1988,1
Boston,1989,1
Boston,1990,4
Boston,1991,6
Boston,1992,1
Boston,1993,3
Boston,1995,1
Boston,1996,1
Boston,1997,3
Boston,1998,1
Boston,1999,1
Boston,2000,8
Boston,2001,4
Boston,2002,4
Boston,2003,2
Boston,2004,2
Boston,2005,1
Boston,2008,3
Boston,2009,1
Boston,2010,2
Boston,2011,1
Boston,2012,3
Boston,2013,6
Boston,2014,7
Boston,2016,6
Boston,2017,3
Boston,2018,14
Bougouni,1964,1
Bougouni,1965,1
Bougouni,1979,8
Bougouni,1983,1
Bougouni,2005,2
Bougouni,2008,1
Boulsa,1997,1
Bourges,1917,1
Bourges,1923,2
Bourges,1995,1
Bradford,1979,1
Brady,1942,1
Brandon,1963,1
Bratislava,1889,1
Braunschweig,1950,1
Brazzaville,1963,1
Brazzaville,1965,1
Brazzaville,1966,1
Brazzaville,1972,1
Brazzaville,1977,1
Brazzaville,1979,1
Brazzaville,1982,1
Brazzaville,1983,1
Bremen,1963,1
Bridgeport,1942,1
Bridgeport,1953,1
Bridgeport,1960,1
Bridgeport,1979,1
Bridgetown,1939,1
Bridgewater,1889,1
Brighton,1937,1
Brighton,1991,1
Bristol,1907,1
Bristol,1914,1
Bristol,1918,6
Bristol,1927,1
Bristol,1930,1
Bristol,1933,1
Bristol,1935,1
Bristol,1936,1
Bristol,1937,1
Bristol,1944,1
Bristol,1951,38
Bristol,1953,1
Bristol,1954,2
Bristol,1955,2
Bristol,1970,1
Bristol,1984,1
Brno,1965,1
Broadway,2015,1
Brockton,1947,1
Bronx,2005,1
Bronx,2018,3
Brookfield,1987,1
Brooklyn,1889,2
Brooklyn,1910,1
Brooklyn,1954,3
Brooklyn,1961,1
Brooklyn,1962,1
Brooklyn,1967,3
Brooklyn,1968,4
Brooklyn,1969,158
Brooklyn,1972,1
Brooklyn,1978,1
Brooklyn,1980,1
Brooklyn,1983,1
Brooklyn,1984,5
Brooklyn,1986,10
Brooklyn,1987,1
Brooklyn,1988,2
Brooklyn,1989,1
Brooklyn,1991,2
Brooklyn,1992,1
Brooklyn,1996,1
Brooklyn,1997,3
Brooklyn,2004,1
Brooklyn,2011,4
Brooklyn,2013,3
Brooklyn,2018,4
Brunswick,1889,1
Brunswick,1913,3
Brunswick,1926,2
Brunswick,1927,1
Brunswick,1928,1
Brunswick,1957,1
Brunswick,1999,1
Brunswick,2010,1
Brussels,1889,7
Brussels,1895,1
Brussels,1915,1
Brussels,1916,6
Brussels,1924,2
Brussels,1929,1
Brussels,1931,1
Brussels,1941,2
Brussels,1949,1
Brussels,1953,1
Brussels,1955,1
Brussels,1959,1
Brussels,1960,33
Brussels,1962,1
Brussels,1964,1
Brussels,1967,2
Brussels,1969,1
Brussels,1974,1
Brussels,1985,1
Budapest,1885,11
Budapest,1909,5
Budapest,1941,1
Budapest,1954,1
Budapest,2002,1
Buenos Aires,1959,1
Buenos Aires,1967,1
Buffalo,1938,1
Buffalo,1942,2
Buffalo,1950,1
Buffalo,1952,1
Buffalo,1955,1
Buffalo,1962,1
Buffalo,1964,1
Buffalo,1967,1
Buffalo,1980,1
Buffalo,1982,7
Buffalo,1984,1
Buffalo,1985,78
Buffalo,1988,1
Buffalo,1993,1
Buffalo,1995,1
Buffalo,2012,1
Buffalo,2013,1
Bukhara,1852,1
Bukhara,1891,4
Bukhara,1908,4
Bukhara,1911,2
Bukhara,1913,4
Bukhara,1915,2
Bukhara,1917,3
Bukhara,1920,3
Bukhara,1921,2
Bukhara,1926,1
Bukhara,1930,1
Bukhara,1933,1
Bukhara,1939,24
Bukhara,1940,3
Bukhara,1941,3
Bukhara,1944,2
Bukhara,1948,3
Bukhara,1949,1
Bukhara,1951,1
Bukhara,1954,1
Bukhara,1956,2
Bukhara,1958,1
Bukhara,1960,4
Bukhara,1961,1
Bukhara,1962,1
Bukhara,1963,1
Bukhara,1971,5
Bukhara,1972,1
Bukhara,1974,4
Bukhara,1975,1
Bukhara,1976,2
Bukhara,1978,1
Bukhara,1993,1
Bukhara,1994,2
Bukhara,2002,1
Bukhara,2009,1
Bukhara,2013,2
Burgos,1923,1
Burgos,1925,1
Burgos,1931,1
Burgos,1991,1
Burhanpur,1927,1
Burhanpur,1929,2
Burhanpur,1998,1
Burhanpur,2005,1
Burhanpur,2011,1
Burlington,1933,1
Burlington,1961,1
Bursa,1891,1
Bursa,1908,3
Bursa,1909,1
Bursa,1912,1
Bursa,1915,3
Bursa,1917,3
Bursa,1923,1
Bursa,1925,1
Bursa,1926,1
Bursa,1935,1
Bursa,1944,2
Bursa,1949,1
Bursa,1952,6
Bursa,1953,1
Bursa,1970,1
Bursa,1972,1
Bursa,1978,1
Bursa,1998,1
Bursa,2002,12
Bury,2002,2
Cadiz,1884,1
Cadiz,1992,1
Caen,1968,1
Cairo,1889,1
Cairo,1891,6
Cairo,1907,120
Cairo,1914,1
Cairo,1917,3
Cairo,1918,1
Cairo,1922,2
Cairo,1923,1
Cairo,1924,1
Cairo,1929,4
Cairo,1931,2
Cairo,1941,4
Cairo,1970,2
Cairo,1971,8
Cairo,1977,1
Cairo,1982,1
Cairo,2006,1
Cairo,2009,1
Cajamarca,1979,1
Calais,1990,1
Cambridge,1910,1
Cambridge,1920,1
Cambridge,1937,1
Cambridge,1943,1
Cambridge,1944,1
Cambridge,1946,61
Cambridge,1951,4
Cambridge,1952,2
Cambridge,1953,1
Cambridge,1954,1
Cambridge,1956,1
Cambridge,1963,2
Cambridge,1967,1
Cambridge,1968,1
Cambridge,1969,4
Cambridge,1970,1
Cambridge,1973,1
Cambridge,1978,2
Cambridge,1979,1
Cambridge,1980,7
Cambridge,1982,2
Cambridge,1983,6
Cambridge,1984,8
Cambridge,1986,2
Cambridge,1988,1
Cambridge,1989,1
Cambridge,1992,2
Cambridge,2000,1
Cambridge,2013,1
Cambridge,2014,4
Cambridge,2015,3
Cambridge,2016,1
Cambridge,2018,8
Camden,1951,1
Camden,1953,1
Camden,2017,1
Canton,1889,4
Canton,1910,1
Canton,1932,1
Canton,1944,1
Canton,1946,1
Canton,1952,1
Canton,1954,2
Canton,1960,1
Canton,1969,2
Canton,1971,1
Canton,1972,1
Canton,1990,1
Caracas,1889,2
Caracas,1970,1
Carlisle,1918,2
Carlsbad,1932,1
Carlsbad,1972,1
Carmel,2008,1
Carnegie,1106,1
Cartagena,1889,1
Center,2008,1
Chambersburg,1987,1
Charleston,1918,1
Charleston,1924,1
Charleston,1933,3
Charleston,1939,1
Charleston,1945,1
Charlestown,1909,1
Charlestown,1924,1
Charlestown,1933,4
Charlestown,1939,2
Charlestown,1941,2
Chattanooga,1963,1
Chelsea,1969,3
Chelsea,1970,12
Chelsea,1971,12
Chelsea,1977,16
Chelsea,1982,4
Chelsea,1983,1
Chelsea,1986,1
Chelsea,1991,1
Chelsea,1992,1
Chelsea,1993,1
Chelsea,1995,1
Chelsea,1999,1
Chelsea,2002,1
Chelsea,2011,1
Chelsea,2018,50
Chennai,1881,2
Chennai,1889,5
Chennai,1891,3
Chennai,1915,8
Chennai,1926,1
Chennai,1935,1
Chennai,1946,4
Chennai,1986,1
Chennai,2008,1
Chicago,1923,1
Chicago,1933,1
Chicago,1940,1
Chicago,1947,1
Chicago,1950,1
Chicago,1951,2
Chicago,1952,6
Chicago,1953,2
Chicago,1954,2
Chicago,1955,1
Chicago,1956,2
Chicago,1958,2
Chicago,1960,6
Chicago,1961,10
Chicago,1962,3
Chicago,1963,6
Chicago,1964,7
Chicago,1965,3
Chicago,1966,3
Chicago,1967,1
Chicago,1968,10
Chicago,1969,3
Chicago,1970,2
Chicago,1971,1
Chicago,1972,10
Chicago,1973,7
Chicago,1974,9
Chicago,1979,12
Chicago,1980,3
Chicago,1981,6
Chicago,1982,1
Chicago,1983,1
Chicago,1984,5
Chicago,1985,2
Chicago,1987,1
Chicago,1989,2
Chicago,1991,5
Chicago,2001,1
Chicago,2005,2
Chicago,2008,1
Chicago,2009,1
Chicago,2010,3
Chicago,2013,1
Chicago,2014,1
Chicago,2016,3
Chicago,2017,1
Chicago,2018,2
Chicopee,1960,1
Chicopee,2012,1
Chihuahua,1889,1
Chihuahua,1942,1
Chikwawa,1981,1
Cincinnati,1925,1
Cincinnati,1933,1
Cincinnati,1939,1
Cincinnati,1940,1
Cincinnati,1945,2
Cincinnati,1949,1
Cincinnati,1953,3
Cincinnati,1954,1
Cincinnati,1962,2
Cincinnati,1963,1
Cincinnati,1969,4
Cincinnati,1971,1
Cincinnati,1973,1
Cincinnati,1974,1
Cincinnati,1980,3
Cincinnati,1981,2
Cincinnati,1985,1
Cincinnati,1986,3
Cincinnati,1987,1
Cincinnati,1991,3
Cincinnati,2008,1
Cincinnati,2010,1
Cincinnati,2013,2
Cincinnati,2017,3
Cincinnati,2018,43
Cirebon,1935,4
Claremont,1957,1
Clearfield,1961,1
Clermont-Ferrand,1929,1
Cleveland,1951,2
Cleveland,1954,1
Cleveland,1955,1
Cleveland,1957,1
Cleveland,1960,1
Cleveland,1961,1
Cleveland,1962,2
Cleveland,1965,1
Cleveland,1967,1
Cleveland,1969,2
Cleveland,1979,1
Cleveland,1989,1
Cleveland,2007,2
Cleveland,2010,1
Cleveland,2012,1
Cleveland,2015,1
Cleveland,2016,2
Clifton,1986,1
Cluj-Napoca,1923,1
Cohoes,2014,1
Coimbra,1960,1
Cologne,1909,13
Cologne,1912,1
Cologne,1913,1
Cologne,1914,2
Cologne,1916,1
Cologne,1917,27
Cologne,1925,3
Cologne,1927,1
Cologne,1928,41
Cologne,1929,1
Cologne,1931,2
Cologne,1941,10
Cologne,1942,1
Cologne,1944,1
Cologne,1947,1
Cologne,1948,1
Cologne,1949,8
Cologne,1952,2
Cologne,1953,1
Cologne,1961,3
Cologne,1965,1
Cologne,1966,1
Cologne,1969,3
Cologne,1970,2
Cologne,1973,2
Cologne,1979,1
Cologne,1980,1
Cologne,1982,3
Cologne,1984,1
Cologne,1988,1
Cologne,1996,1
Cologne,1999,2
Cologne,2000,1
Cologne,2003,1
Cologne,2004,1
Cologne,2008,1
Cologne,2010,1
Colorado Springs,2015,2
Colorado Springs,2018,7
Columbia,1970,1
Columbia,1980,1
Columbus,1945,1
Columbus,1961,1
Columbus,1962,1
Columbus,2018,2
Conakry,2004,1
Concord,1889,1
Concord,1933,2
Concord,1937,1
Concord,1948,1
Concord,1956,1
Concord,1971,1
Concord,1985,1
Concord,1990,1
Corinth,1994,1
Corning,1959,1
Corning,1967,1
Corning,1969,4
Corning,1976,1
Corning,1987,1
Corning,1991,2
Corona,2018,1
Cotati,1980,1
Coventry,1910,1
Coventry,1939,2
Cranbrook,2017,1
Cranston,1958,2
Cuenca,1957,1
Daman,1976,1
Damascus,1891,5
Damascus,1910,1
Damascus,1915,2
Damascus,1917,3
Damascus,1918,2
Damascus,1921,1
Damascus,1922,1
Damascus,1923,1
Damascus,1940,1
Damascus,1941,1
Damascus,1943,1
Damascus,1970,2
Damascus,2009,1
Damascus,2011,1
Dar es Salaam,2010,1
Davenport,1969,1
Dayton,1971,2
Dayton,1989,1
Decatur,1917,3
Deerfield,1945,1
Deerfield,1980,1
Deerfield,2004,1
Delhi,1909,1
Delhi,1935,1
Delhi,1956,1
Delhi,1989,1
Delhi,1994,1
Delhi,2008,1
Delhi,2015,3
Denver,1933,2
Denver,2018,1
Derby,1927,1
Detroit,1941,1
Detroit,1951,2
Detroit,1954,1
Detroit,1956,1
Detroit,1962,1
Detroit,1964,3
Detroit,1966,1
Detroit,1969,3
Detroit,1984,1
Detroit,2018,4
Dhaka,1912,1
Dhaka,1920,1
Dhaka,1930,1
Dhaka,1946,6
Dieppe,1917,2
Dijon,1889,1
Dijon,1940,1
Dijon,1941,1
Dijon,1964,1
Dijon,1969,1
Donegal,1976,1
Dorchester,1909,1
Dorchester,1940,1
Dorchester,1971,1
Dorchester,1985,1
Dorchester,1997,1
Dover,1940,2
Dresden,1889,3
Dresden,1890,1
Dresden,1896,1
Dresden,1913,7
Dresden,1918,2
Dresden,1923,2
Dresden,1926,2
Dresden,1928,2
Dresden,1929,2
Dresden,1932,1
Dresden,1933,1
Dresden,1935,1
Dresden,1939,1
Dresden,1949,1
Dresden,1956,1
Dresden,1958,1
Dresden,1960,1
Dresden,1961,1
Dresden,1965,1
Dresden,1968,1
Dresden,1970,3
Dresden,1975,1
Dresden,1977,1
Dresden,1978,1
Dresden,1980,1
Dresden,1985,1
Dresden,2002,1
Dresden,2010,1
Dresden,2011,1
Dublin,1889,1
Dublin,1941,1
Dublin,1944,1
Dublin,1958,1
Dublin,1964,1
Dublin,1967,1
Dublin,1970,2
Dublin,1998,1
Dublin,2003,1
Durham,1946,1
Durham,2018,2
Dushanbe,1986,1
Düsseldorf,1926,2
Düsseldorf,1947,1
Düsseldorf,1956,1
Düsseldorf,1979,1
Düsseldorf,1991,1
Düsseldorf,2005,1
Düsseldorf,2012,1
East Aurora,1984,1
East Liverpool,1968,2
East Liverpool,1969,1
East Liverpool,1982,1
East Liverpool,1984,1
East Liverpool,1985,1
East Liverpool,1986,5
East Liverpool,1991,2
East Liverpool,1996,1
East Liverpool,2018,1
Edinburgh,1889,1
Edinburgh,1926,1
Edinburgh,1938,1
Edinburgh,1940,1
Edinburgh,1941,1
Edinburgh,1944,1
Edinburgh,1945,3
Edinburgh,1952,1
Edinburgh,1953,1
Edinburgh,1958,10
Edinburgh,1960,3
Edinburgh,1966,1
Edinburgh,1970,1
Edinburgh,1974,1
Edinburgh,1977,1
Effingham,2015,1
Eger,1905,1
Eger,1953,1
Elgin,1970,1
Elizabeth,1913,1
Elizabeth,1934,1
Elizabeth,1996,1
Elkhart,1955,1
Elkhart,1970,1
Elkhart,1989,1
Elkhart,1996,1
Elkhart,2002,1
Elkhart,2016,2
Elmira,1963,1
Enfield,1933,1
Enfield,1966,2
Enfield,1981,1
Erfurt,1922,2
Erfurt,1966,2
Erfurt,2002,1
Erzurum,1935,1
Evansville,1960,1
Exeter,1933,4
Exeter,1941,1
Fairfax,2018,1
Fairfield,1923,1
Fairfield,1980,1
Faizabad,2015,2
Fall River,1911,1
Fall River,1936,2
Fall River,1949,1
Fall River,1952,1
Fall River,1957,1
Fall River,1972,1
Fayetteville,1943,2
Fayetteville,1962,1
Fayetteville,1987,1
Ferrara,1911,4
Ferrara,1913,2
Ferrara,1923,1
Ferrara,1926,1
Ferrara,1931,1
Ferrara,1942,1
Ferrara,1953,1
Fez,1917,1
Fez,1923,9
Fez,1924,1
Fez,1928,2
Fez,1930,1
Fez,1945,1
Fez,1946,1
Fez,1947,1
Findlay,1984,4
Findlay,1985,1
Fishers,1923,1
Flint,1951,1
Flint,1969,1
Florence,1889,11
Florence,1890,1
Florence,1904,1
Florence,1912,1
Florence,1913,1
Florence,1917,5
Florence,1919,1
Florence,1920,4
Florence,1921,1
Florence,1922,3
Florence,1923,5
Florence,1925,85
Florence,1927,1
Florence,1930,3
Florence,1931,2
Florence,1936,3
Florence,1937,3
Florence,1939,2
Florence,1940,2
Florence,1941,10
Florence,1942,1
Florence,1943,1
Florence,1946,9
Florence,1947,3
Florence,1948,3
Florence,1949,5
Florence,1952,1
Florence,1953,1
Florence,1957,38
Florence,1960,7
Florence,1962,2
Florence,1963,1
Florence,1964,2
Florence,1966,1
Florence,1969,3
Florence,1976,1
Florence,1980,1
Florence,1991,1
Florence,2006,1
Florida,2016,1
Fort Worth,1994,1
Foshan,1889,2
Fostoria,1960,1
Frankfurt,1889,1
Frankfurt,1918,1
Frankfurt,1919,1
Frankfurt,1920,2
Frankfurt,1921,6
Frankfurt,1922,1
Frankfurt,1928,1
Frankfurt,1930,2
Frankfurt,1933,28
Frankfurt,1936,1
Frankfurt,1940,1
Frankfurt,1941,1
Frankfurt,1943,1
Frankfurt,1944,1
Frankfurt,1949,8
Frankfurt,1950,1
Frankfurt,1953,1
Frankfurt,1954,1
Frankfurt,1959,9
Frankfurt,1960,1
Frankfurt,1963,1
Frankfurt,1968,3
Frankfurt,1981,1
Frankfurt,1988,1
Frankfurt,2005,1
Franklin,1944,1
Freehold,1968,1
Freehold,1985,2
Freehold,1989,2
Freiburg,1947,1
Freiburg,1961,1
Funchal,1889,1
Garden City,1925,1
Gardiner,2009,1
Gardner,1934,1
Gardner,1990,1
Gardner,2008,1
Gardner,2009,1
Gardner,2011,2
Garfield,1997,9
Geneva,1925,1
Geneva,1927,1
Geneva,1939,1
Geneva,1940,1
Geneva,1941,5
Geneva,1946,1
Geneva,1947,1
Geneva,1958,1
Geneva,1968,1
Geneva,1976,4
Genoa,1889,1
Genoa,1937,1
Genoa,1941,1
Genoa,1948,1
Genoa,1977,1
Genoa,2015,1
Gera,1970,1
Germantown,1944,1
Germantown,1985,1
Ghazni,1971,1
Ghazni,1975,7
Gilbert,1956,1
Glasgow,1889,1
Glasgow,1917,1
Glasgow,1938,1
Glasgow,1941,1
Glasgow,1958,2
Glasgow,1962,1
Glasgow,1963,1
Glasgow,1970,1
Glasgow,1981,1
Glasgow,1983,1
Glasgow,1996,1
Gloucester,1982,1
Gloucester,1999,1
Gloucester,2004,1
Gloucester,2016,3
Gorontalo,1935,2
Goshen,1920,2
Grafton,1930,2
Grand Haven,1969,1
Grand Rapids,1951,1
Grand Rapids,1953,1
Grand Rapids,1959,1
Grand Rapids,1960,1
Grand Rapids,1980,1
Grand Rapids,1986,1
Grand Rapids,1992,1
Grand Rapids,1994,1
Graz,1951,1
Great Neck,2006,1
Green,2014,1
Greenfield,1943,1
Greensburg,1955,2
Guanajuato,1911,1
Guanajuato,2016,1
Guangzhou,1889,2
Gulbarga,1946,2
Göttingen,1988,1
Haarlem,1930,1
Haarlem,1951,11
Haarlem,2015,1
Hackensack,1934,1
Haddonfield,1988,1
Hamadan,1923,2
Hamadan,1927,3
Hamadan,1930,2
Hamadan,1935,1
Hamadan,1937,1
Hamburg,1918,1
Hamburg,1932,1
Hamburg,1949,1
Hamburg,1953,1
Hamburg,1959,1
Hamburg,1965,1
Hamburg,1969,1
Hamburg,1970,1
Hamburg,1985,1
Hamburg,1992,1
Hamburg,1998,1
Hamilton,1965,1
Hamilton,1972,1
Hampton,1937,1
Hampton,1983,1
Hampton,2018,1
Hannover,1889,1
Hanover,1889,1
Hanover,1957,1
Hanover,2010,1
Harriman,1963,1
Harrisburg,1933,1
Hartford,1909,7
Hartford,1918,1
Hartford,1920,3
Hartford,1933,3
Hartford,1939,1
Hartford,1940,4
Hartford,1941,10
Hartford,1943,8
Hartford,1945,2
Hartford,1948,1
Hartford,1950,3
Hartford,1952,1
Hartford,1954,1
Hartford,1955,1
Hartford,1956,1
Hartford,1957,1
Hartford,1958,1
Hartford,1959,1
Hartford,1962,2
Hartford,1964,1
Hartford,1967,1
Hartford,1968,2
Hartford,1969,2
Hartford,1982,1
Hartford,1983,1
Hartford,1985,1
Hartford,1989,6
Hartford,1993,1
Hartford,1995,1
Hartford,2010,1
Hartford,2014,1
Hartford,2015,1
Havana,1940,1
Haverhill,1912,1
Haverhill,1957,1
Heidelberg,1954,1
Heidelberg,1962,2
Heidelberg,1970,1
Helsinki,1947,1
Helsinki,1949,2
Henderson,1972,1
Herat,1891,2
Herat,1898,1
Herat,1908,1
Herat,1910,1
Herat,1911,12
Herat,1913,26
Herat,1917,1
Herat,1929,1
Herat,1937,1
Herat,1939,1
Herat,1941,1
Herat,1943,1
Herat,1946,2
Herat,1951,1
Herat,1952,2
Herat,1955,1
Herat,1956,5
Herat,1963,5
Herat,1965,2
Herat,1966,1
Herat,1981,1
Herat,1982,1
Herat,1983,1
Herat,1985,1
Herat,1992,1
Herat,1994,4
Herat,1997,1
Herat,2010,1
Hoboken,1908,1
Hoboken,1989,1
Holyoke,1960,1
Honesdale,1969,1
Honesdale,1991,1
Honolulu,1955,1
Hot Springs,2018,1
Hudson,1944,1
Hudson,2015,1
Huntington,1889,1
Huntington,1920,1
Huntington,2008,1
Huntington,2014,1
Huntington,2015,1
Huntsville,1970,1
Hyderabad,1891,1
Hyderabad,1915,1
Hyderabad,1935,1
Hyderabad,1945,1
Hyderabad,1985,1
Hyderabad,1991,1
Hyderabad,2007,5
Hyderabad,2008,1
Hyderabad,2012,1
Hyderabad,2013,3
Hyderabad,2015,3
Ibadan,1979,1
Ibadan,2002,1
Ibadan,2017,3
Ilorin,2006,3
Ingolstadt,1917,1
Ingolstadt,1950,2
Innsbruck,1889,1
Innsbruck,1904,1
Innsbruck,1913,7
Innsbruck,1921,2
Innsbruck,1928,4
Innsbruck,1929,9
Innsbruck,1935,1
Innsbruck,1942,1
Innsbruck,1991,1
Ipswich,1909,3
Ipswich,1936,1
Ipswich,1962,1
Ipswich,1981,1
Ipswich,2016,15
Iseyin,1981,1
Iseyin,1997,1
Isfahan,1105,1
Isfahan,1889,1
Isfahan,1891,1
Isfahan,1903,3
Isfahan,1907,1
Isfahan,1911,2
Isfahan,1913,3
Isfahan,1915,1
Isfahan,1919,2
Isfahan,1921,1
Isfahan,1922,3
Isfahan,1924,1
Isfahan,1925,1
Isfahan,1930,1
Isfahan,1939,1
Isfahan,1940,1
Isfahan,1943,1
Isfahan,1945,1
Isfahan,1950,5
Isfahan,1955,4
Isfahan,1956,2
Isfahan,1963,8
Isfahan,1965,5
Isfahan,1967,2
Isfahan,1974,43
Isfahan,1975,5
Isfahan,1976,1
Isfahan,1977,1
Isfahan,1978,1
Isfahan,1984,1
Isfahan,1985,1
Isfahan,1988,1
Isfahan,2003,8
Isfahan,2006,1
Isfahan,2017,1
Islington,1991,1
Istanbul,1897,1
Istanbul,1904,5
Istanbul,1915,1
Istanbul,1917,1
Istanbul,1920,1
Istanbul,1922,1
Istanbul,1935,18
Istanbul,1936,2
Istanbul,1938,2
Istanbul,1944,1
Istanbul,1949,1
Istanbul,1952,4
Istanbul,1955,1
Istanbul,1956,1
Istanbul,1969,1
Istanbul,1970,1
Istanbul,1975,1
Istanbul,1976,1
Istanbul,1982,1
Istanbul,1990,1
Istanbul,1993,1
Istanbul,1994,1
Istanbul,2000,1
Istanbul,2003,1
Istanbul,2012,1
Istanbul,2014,2
Istanbul,2016,2
Istanbul,2017,1
Jacksonville,1976,1
Jaipur,1915,3
Jaipur,1919,1
Jaipur,1926,1
Jaipur,1931,1
Jaipur,1935,1
Jaipur,1941,1
Jaipur,1945,1
Jaipur,1946,1
Jaipur,1948,1
Jaipur,1956,1
Jaipur,1959,1
Jaipur,1964,1
Jaipur,1970,1
Jaipur,1982,1
Jamestown,1948,1
Jammu,2015,5
Jersey City,1913,1
Jersey City,1915,1
Jersey City,1920,5
Jersey City,1941,1
Jersey City,1943,2
Jersey City,1962,1
Jersey City,1967,1
Jersey City,1972,7
Jersey City,1977,4
Jersey City,1982,1
Jersey City,1984,1
Jersey City,1985,2
Jersey City,1992,1
Jersey City,1997,1
Jersey City,2000,1
Jersey City,2003,1
Jersey City,2005,1
Jersey City,2008,1
Jersey City,2011,2
Jersey City,2012,7
Jerusalem,1187,1
Jerusalem,1908,1
Johannesburg,1976,1
Johnstown,1998,1
Jos,2017,1
Juba,2007,1
Kabul,2015,4
Kalamazoo,2013,12
Kalamazoo,2015,1
Kalamazoo,2016,2
Kalgoorlie,1965,1
Kanazawa,2016,1
Kandahar,1979,1
Karachi,1889,1
Karimnagar,2007,1
Karlovy Vary,1910,1
Karlovy Vary,1916,1
Karlsruhe,1889,1
Karlsruhe,1932,1
Karlsruhe,1955,1
Kashan,1891,4
Kashan,1898,2
Kashan,1908,5
Kashan,1909,2
Kashan,1910,4
Kashan,1912,5
Kashan,1913,4
Kashan,1915,5
Kashan,1917,4
Kashan,1919,1
Kashan,1920,18
Kashan,1921,1
Kashan,1922,1
Kashan,1923,1
Kashan,1924,1
Kashan,1927,1
Kashan,1928,1
Kashan,1929,1
Kashan,1931,1
Kashan,1932,2
Kashan,1933,1
Kashan,1938,1
Kashan,1940,10
Kashan,1941,33
Kashan,1943,1
Kashan,1945,2
Kashan,1948,3
Kashan,1951,1
Kashan,1952,2
Kashan,1956,1
Kashan,1957,3
Kashan,1958,1
Kashan,1960,6
Kashan,1962,1
Kashan,1963,1
Kashan,1964,2
Kashan,1966,6
Kashan,1968,4
Kashan,1969,1
Kashan,1970,1
Kashan,1971,2
Kashan,1972,1
Kashan,1974,3
Kashan,1975,1
Kashan,1979,1
Kashan,1983,1
Kashan,2000,1
Kashgar,1922,1
Katowice,1966,1
Kayes,1969,1
Kayseri,1916,1
Keene,1910,2
Keene,1915,1
Keene,1939,1
Keene,1980,1
Keene,2018,1
Kensington,1910,1
Kensington,1913,1
Kensington,1939,1
Kensington,1984,1
Kent,1921,1
Kermanshah,1929,1
Kiev,1917,14
Kiev,1930,1
Kiev,1963,5
Kiev,1965,1
Kiev,1971,3
Kingston,1933,2
Kingston,1970,1
Kingstown,1939,1
Kinshasa,1970,2
Kochi,1889,1
Kolhapur,1913,1
Kolkata,1889,1
Konya,1466,1
Konya,1898,2
Konya,1906,2
Konya,1908,1
Konya,1922,3
Konya,1973,3
Konya,1976,1
Konya,1984,1
Konya,2012,1
Korhogo,1979,3
Kota,1971,1
Kota,2015,1
Kotor,1889,1
Koutiala,1979,1
Kruševac,1976,1
Kuching,1983,2
Kula,1915,1
Kula,1922,6
Kula,1926,4
Kula,1971,2
Kumasi,1972,1
Kumasi,1979,2
Kyoto,1889,5
Kyoto,1891,1
Kyoto,1935,3
Kyoto,1943,1
Kyoto,1960,1
Kyoto,1965,1
Kyoto,1969,3
Kyoto,1970,1
Kyoto,1977,5
Kyoto,1989,1
Kütahya,2008,1
La Paz,1889,2
La Paz,2018,1
La Porte,2013,1
Lagos,1981,1
Lahore,1889,1
Lahore,1911,1
Lahore,1913,6
Lahore,1917,2
Lahore,1928,3
Lahore,1931,1
Lahore,1935,1
Lahore,1948,1
Lahore,1967,3
Lahore,1970,1
Lahore,1973,1
Lahore,1974,1
Lahore,2004,1
Lamar,1979,1
Lancaster,1914,1
Lancaster,1939,1
Lancaster,1943,1
Lancaster,1951,1
Lancaster,1962,1
Lancaster,1965,1
Lansing,1967,1
Laramie,2012,1
Lausanne,1967,1
Lawrence,1927,1
Lawrence,1967,2
Lebanon,1965,2
Lebanon,1966,24
Lebanon,1967,7
Lebanon,1972,1
Lebanon,1976,1
Lebanon,1981,5
Lebanon,1984,3
Lebanon,1985,19
Leeds,1936,38
Leeds,1938,1
Leeds,1962,1
Leeuwarden,2009,1
Leipzig,1889,1
Leipzig,1918,2
Leipzig,1921,1
Leipzig,1923,1
Leipzig,1924,6
Leipzig,1926,2
Leipzig,1928,3
Leipzig,1929,4
Leipzig,1930,4
Leipzig,1933,10
Leipzig,1934,2
Leipzig,1935,3
Leipzig,1938,2
Leipzig,1939,4
Leipzig,1941,18
Leipzig,1942,1
Leipzig,1946,2
Leipzig,1951,2
Leipzig,1953,2
Leipzig,1954,1
Leipzig,1956,1
Leipzig,1958,1
Leipzig,1959,3
Leipzig,1960,14
Leipzig,1961,3
Leipzig,1962,1
Leipzig,1963,1
Leipzig,1964,1
Leipzig,1965,1
Leipzig,1966,6
Leipzig,1968,1
Leipzig,1969,1
Leipzig,1970,3
Leipzig,1972,1
Leipzig,1974,1
Leipzig,1976,1
Leipzig,1977,4
Leipzig,1979,1
Leipzig,1981,1
Leipzig,1998,1
Leipzig,2011,1
Lewistown,1990,1
Lexington,1965,1
León,1917,1
Lima,1889,5
Limoges,1911,1
Limoges,1913,3
Limoges,1917,61
Limoges,1920,1
Limoges,1925,3
Limoges,1931,11
Limoges,1935,3
Limoges,1941,10
Limoges,1945,2
Limoges,1947,7
Limoges,1949,8
Limoges,1950,1
Limoges,1958,1
Limoges,1974,1
Limoges,1986,4
Limoges,2001,1
Limoges,2002,1
Limoges,2012,1
Linden,1916,1
Linz,1949,1
Linz,1975,1
Linz,2003,1
Lisbon,1941,1
Lisbon,1942,1
Lisbon,1977,1
Lisbon,1985,1
Lisbon,2017,1
Litchfield,1948,1
Lititz,1933,1
Lititz,1984,1
Liverpool,1883,3
Liverpool,1890,1
Liverpool,1911,1
Liverpool,1914,1
Liverpool,1919,1
Liverpool,1927,1
Liverpool,1935,1
Liverpool,1939,1
Liverpool,1942,9
Liverpool,1943,17
Liverpool,1945,1
Liverpool,1962,1
Livorno,1969,1
Livorno,1997,1
Ljubljana,1889,1
Loango,1889,1
Lockport,1970,1
Lodi,1942,1
Lomé,2015,23
London,1883,14
London,1889,41
London,1899,1
London,1911,1
London,1913,1
London,1914,1
London,1915,1
London,1916,1
London,1917,86
London,1918,3
London,1919,4
London,1920,169
London,1921,27
London,1922,60
London,1923,6
London,1924,43
London,1925,9
London,1926,11
London,1927,10
London,1928,14
London,1929,9
London,1930,15
London,1931,131
London,1932,19
London,1933,48
London,1934,29
London,1935,26
London,1936,11
London,1937,16
London,1938,8
London,1939,9
London,1940,12
London,1941,77
London,1942,14
London,1943,3
London,1944,11
London,1945,34
London,1946,7
London,1947,14
London,1948,8
London,1949,17
London,1950,8
London,1951,30
London,1952,36
London,1953,25
London,1954,8
London,1955,21
London,1956,18
London,1957,19
London,1958,106
London,1959,199
London,1960,30
London,1961,3
London,1962,41
London,1963,40
London,1964,5
London,1965,20
London,1966,58
London,1967,38
London,1968,10
London,1969,35
London,1970,107
London,1971,16
London,1972,30
London,1973,17
London,1974,26
London,1975,2
London,1976,6
London,1977,16
London,1978,9
London,1979,7
London,1980,6
London,1981,17
London,1982,9
London,1983,7
London,1984,4
London,1985,3
London,1986,13
London,1987,1
London,1988,1
London,1989,4
London,1990,2
London,1991,26
London,1992,4
London,1993,3
London,1994,3
London,1995,4
London,1996,2
London,1997,11
London,1998,3
London,1999,2
London,2000,2
London,2002,3
London,2003,6
London,2005,3
London,2006,1
London,2007,2
London,2008,54
London,2009,4
London,2010,8
London,2011,28
London,2012,3
London,2013,1
London,2016,11
London,2018,4
Loreto,1970,1
Loreto,1971,1
Los Angeles,1965,1
Los Angeles,1984,1
Los Angeles,1986,1
Los Angeles,2016,2
Los Angeles,2017,1
Los Angeles,2018,7
Louisville,1939,6
Lowell,1927,3
Lowell,1962,1
Lowell,1965,1
Lucknow,1889,1
Lucknow,1919,1
Lucknow,1935,6
Lucknow,2000,1
Lucknow,2001,1
Lucknow,2004,1
Lucknow,2008,1
Lucknow,2009,1
Lucknow,2012,1
Lucknow,2018,1
Ludington,1953,1
Ludington,1964,1
Ludington,1970,1
Lynn,1964,1
Lyon,1883,1
Lyon,1889,1
Lyon,1910,1
Lyon,1918,1
Lyon,1919,1
Lyon,1921,2
Lyon,1923,2
Lyon,1924,1
Lyon,1925,5
Lyon,1926,1
Lyon,1931,1
Lyon,1933,1
Lyon,1935,1
Lyon,1941,17
Lyon,1942,1
Lyon,1949,1
Lyon,1951,1
Lyon,1955,3
Lyon,1970,2
Lyon,1977,1
Lyon,2008,1
Lyon,2018,1
Lyons,1889,2
Lübeck,1931,1
Maastricht,1913,1
Maastricht,1964,2
Maastricht,1968,1
Madison,1933,1
Madras,1889,1
Madras,1915,1
Madras,1919,1
Madras,1935,1
Madras,1978,2
Madrid,1889,2
Madrid,1913,1
Madrid,1917,1
Madrid,1927,2
Madrid,1928,1
Madrid,1930,2
Madrid,1931,1
Madrid,1933,2
Madrid,1934,1
Madrid,1937,1
Madrid,1941,8
Madrid,1952,1
Madrid,1958,1
Madrid,1959,1
Madrid,1961,1
Madrid,1967,1
Madrid,1985,1
Madrid,1986,1
Madrid,1987,1
Madrid,1990,1
Madrid,2010,1
Madrid,2016,1
Madurai,1946,3
Magdeburg,1889,1
Magdeburg,1961,3
Magdeburg,1982,1
Mainz,1609,1
Mainz,1889,1
Mainz,1919,1
Mainz,1921,1
Mainz,1928,35
Mainz,1931,1
Mainz,1944,1
Mainz,1956,1
Mainz,1963,1
Mainz,1971,1
Mainz,1972,1
Mainz,1983,1
Mainz,2002,1
Malden,1941,1
Manchester,1911,1
Manchester,1923,1
Manchester,1928,8
Manchester,1934,1
Manchester,1935,1
Manchester,1943,1
Manchester,1963,1
Mandalay,1889,1
Mandalay,1980,1
Manila,1889,2
Mannheim,1889,1
Mannheim,1920,1
Mardin,1898,2
Mardin,1917,2
Mardin,1927,1
Marlborough,1949,1
Marrakesh,1947,1
Marseille,1883,4
Marseille,1940,1
Marshfield,1909,2
Martinsburg,1967,1
Mashhad,1911,1
Mashhad,1915,1
Mashhad,1924,1
Mashhad,1939,2
Mashhad,1963,1
Mashhad,1964,2
Mashhad,1967,1
Mashhad,2006,1
Matanzas,1937,1
Matsumoto,1917,1
Mayumba,1889,2
Meknes,1914,2
Meknes,1923,3
Meknes,1924,1
Memphis,1961,1
Mena,1927,2
Menlo Park,2018,1
Merida,1889,1
Meriden,1941,2
Meriden,1943,1
Meriden,1953,1
Meriden,1957,1
Meriden,1962,2
Meriden,1963,1
Meriden,1968,3
Meriden,2009,1
Messina,1967,1
Metuchen,2018,4
Metz,2015,1
Mexico City,1889,1
Mexico City,1946,4
Mexico City,1951,1
Mexico City,1989,1
Mexico City,2005,1
Mexico City,2016,1
Middelburg,1889,1
Middlesex,1993,1
Middletown,1896,3
Middletown,1916,1
Middletown,1940,1
Middletown,1941,4
Middletown,1943,5
Middletown,1962,1
Middletown,1977,2
Middletown,1984,1
Middletown,2015,2
Milan,1889,9
Milan,1904,16
Milan,1911,1
Milan,1913,31
Milan,1917,2
Milan,1919,1
Milan,1921,8
Milan,1922,2
Milan,1923,1
Milan,1924,1
Milan,1925,1
Milan,1926,4
Milan,1928,8
Milan,1929,12
Milan,1932,3
Milan,1937,1
Milan,1938,1
Milan,1939,2
Milan,1940,1
Milan,1941,4
Milan,1942,6
Milan,1947,7
Milan,1948,1
Milan,1949,3
Milan,1951,2
Milan,1952,2
Milan,1955,2
Milan,1961,1
Milan,1962,2
Milan,1964,1
Milan,1965,1
Milan,1967,1
Milan,1968,2
Milan,1969,2
Milan,1970,4
Milan,1972,2
Milan,1974,1
Milan,1979,1
Milan,1984,3
Milan,1988,1
Milan,1989,3
Milan,1992,1
Milan,1993,1
Milan,1997,1
Milan,2000,1
Milan,2001,2
Milan,2002,2
Milan,2006,1
Milan,2008,3
Milan,2012,1
Milan,2013,2
Milan,2014,2
Milford,1889,1
Milford,1953,1
Milford,1979,1
Millville,1920,2
Millville,1930,2
Milton,1889,1
Milwaukee,1953,1
Milwaukee,1961,1
Milwaukee,1965,1
Milwaukee,1969,1
Milwaukee,1970,1
Milwaukee,2011,1
Milwaukee,2018,3
Minneapolis,1925,2
Minneapolis,1963,1
Minneapolis,1965,1
Minneapolis,1972,4
Minneapolis,1987,1
Minneapolis,1996,1
Mito,1891,1
Modena,1889,1
Modena,1923,1
Modena,1945,1
Modena,1947,1
Modena,1955,1
Modena,1959,58
Mombasa,1889,5
Monmouth,1992,1
Montclair,1988,7
Montclair,1989,1
Montclair,2002,2
Montgomery,2014,1
Monticello,1976,2
Montpelier,1932,1
Montpellier,1889,1
Montrose,1994,1
Mopti,1979,1
Moradabad,1908,1
Morelia,1889,1
Moscow,1889,5
Moscow,1917,1
Moscow,1923,1
Moscow,1925,6
Moscow,1928,23
Moscow,1930,2
Moscow,1939,5
Moscow,1947,1
Moscow,1951,6
Moscow,1953,2
Moscow,1954,1
Moscow,1956,3
Moscow,1958,4
Moscow,1960,3
Moscow,1962,6
Moscow,1963,13
Moscow,1964,1
Moscow,1965,10
Moscow,1966,4
Moscow,1967,5
Moscow,1971,4
Moscow,1977,1
Moscow,1978,4
Moscow,1981,1
Moscow,1985,4
Mosul,1866,1
Mosul,1891,2
Mosul,1898,1
Mosul,1907,1
Mosul,1911,1
Mosul,1917,1
Mosul,1993,1
Mosul,1995,1
Mount Vernon,1962,1
Mount Vernon,1967,1
Mount Vernon,1975,1
Mount Vernon,1976,1
Mulhouse,1940,1
Multan,1902,1
Multan,2007,1
Multan,2008,2
Mumbai,1889,1
Mumbai,1891,3
Mumbai,1915,3
Munich,1889,2
Munich,1891,1
Munich,1904,5
Munich,1911,1
Munich,1913,15
Munich,1923,1
Munich,1924,1
Munich,1925,2
Munich,1926,4
Munich,1928,1
Munich,1929,2
Munich,1930,2
Munich,1932,3
Munich,1933,2
Munich,1942,1
Munich,1943,1
Munich,1945,2
Munich,1946,1
Munich,1948,1
Munich,1952,1
Munich,1953,4
Munich,1957,1
Munich,1960,1
Munich,1961,1
Munich,1962,2
Munich,1963,2
Munich,1964,1
Munich,1965,2
Munich,1966,5
Munich,1969,2
Munich,1972,1
Munich,1974,1
Munich,1977,1
Munich,1981,2
Munich,1982,1
Munich,1986,1
Munich,1995,1
Munich,1996,1
Munich,1998,1
Munich,2001,1
Munich,2007,1
Munich,2008,1
Munich,2009,2
Murfreesboro,1960,1
Mysore,1935,1
Málaga,1941,1
Mérida,1971,1
Münster,1991,1
Münster,1995,1
Naga,1935,1
Nagasaki,1926,2
Nagasaki,2017,2
Nairobi,1970,1
Nancy,1919,1
Nancy,1940,1
Naples,1889,9
Naples,1899,1
Naples,1904,4
Naples,1917,2
Naples,1926,4
Naples,1928,1
Naples,1929,2
Naples,1931,1
Naples,1934,1
Naples,1940,1
Naples,1941,6
Naples,1943,1
Naples,1945,1
Naples,1948,2
Naples,1951,3
Naples,1952,1
Naples,1967,1
Naples,1968,1
Naples,1969,2
Naples,1970,2
Naples,1981,2
Naples,2003,1
Naples,2005,1
Nara,1889,1
Nashville,1933,1
Natal,2000,1
Nautla,1963,1
Nazareth,1983,1
Nazareth,1984,1
Nazareth,1989,1
Nazareth,2012,1
Nelson,1984,1
New Bedford,1930,1
New Bedford,1946,5
New Bedford,1947,1
New Bedford,1962,1
New Bedford,1967,3
New Bedford,1984,1
New Bedford,1985,3
New Bedford,1987,1
New Bedford,1989,1
New Bedford,1992,4
New Bedford,2015,1
New Bedford,2018,2
New Berlin,1956,1
New Bremen,1928,1
New Bremen,1933,1
New Bremen,1937,1
New Bremen,2000,1
New Britain,1889,1
New Brunswick,1930,1
New Castle,1946,1
New Haven,1917,2
New Haven,1924,1
New Haven,1930,1
New Haven,1931,2
New Haven,1933,1
New Haven,1941,1
New Haven,1943,1
New Haven,1944,1
New Haven,1947,1
New Haven,1951,1
New Haven,1954,2
New Haven,1962,1
New Haven,1964,3
New Haven,1966,1
New Haven,1986,1
New Haven,2013,1
New London,1913,2
New London,1944,4
New Milford,1961,1
New Orleans,1895,1
New Orleans,1916,1
New Orleans,1948,1
New Orleans,1960,1
New Orleans,1961,2
New Orleans,1967,1
New Orleans,1981,1
New Orleans,1983,1
New Orleans,2000,1
New Orleans,2001,2
New Orleans,2004,1
New Orleans,2011,1
New Orleans,2017,2
New Orleans,2018,7
New York,1050,1
New York,1877,1
New York,1883,9
New York,1888,2
New York,1889,11
New York,1892,3
New York,1894,5
New York,1896,8
New York,1897,4
New York,1898,1
New York,1899,1
New York,1901,2
New York,1904,2
New York,1906,2
New York,1907,3
New York,1908,5
New York,1909,5
New York,1910,9
New York,1911,2
New York,1913,5
New York,1915,1
New York,1916,3
New York,1917,10
New York,1918,2
New York,1919,2
New York,1921,7
New York,1922,5
New York,1923,26
New York,1924,39
New York,1925,5
New York,1926,5
New York,1927,10
New York,1928,27
New York,1929,8
New York,1930,4
New York,1931,9
New York,1932,12
New York,1933,118
New York,1934,8
New York,1935,7
New York,1936,5
New York,1937,2
New York,1938,11
New York,1939,25
New York,1940,19
New York,1941,45
New York,1942,30
New York,1943,206
New York,1944,17
New York,1945,27
New York,1946,27
New York,1947,11
New York,1948,10
New York,1949,6
New York,1950,13
New York,1951,61
New York,1952,73
New York,1953,20
New York,1954,32
New York,1955,30
New York,1956,4
New York,1957,17
New York,1958,10
New York,1959,9
New York,1960,61
New York,1961,17
New York,1962,39
New York,1963,17
New York,1964,20
New York,1965,48
New York,1966,43
New York,1967,21
New York,1968,60
New York,1969,74
New York,1970,32
New York,1971,16
New York,1972,31
New York,1973,12
New York,1974,35
New York,1975,7
New York,1976,13
New York,1977,8
New York,1978,33
New York,1979,12
New York,1980,23
New York,1981,17
New York,1982,7
New York,1983,14
New York,1984,9
New York,1985,51
New York,1986,19
New York,1987,21
New York,1988,12
New York,1989,8
New York,1990,26
New York,1991,15
New York,1992,24
New York,1993,10
New York,1994,14
New York,1995,13
New York,1996,8
New York,1997,23
New York,1998,3
New York,1999,13
New York,2000,16
New York,2001,17
New York,2002,19
New York,2003,4
New York,2004,8
New York,2005,11
New York,2006,6
New York,2007,6
New York,2008,26
New York,2009,7
New York,2010,8
New York,2011,11
New York,2012,18
New York,2013,23
New York,2014,28
New York,2015,19
New York,2016,28
New York,2017,19
New York,2018,22
Newark,1921,1
Newark,1924,6
Newark,1935,1
Newark,1954,1
Newark,1967,3
Newark,1968,9
Newark,1985,3
Newark,1989,1
Newark,1998,1
Newark,2001,6
Newark,2005,1
Newark,2006,1
Newark,2018,2
Newburgh,1924,1
Newburgh,1968,1
Newburgh,2012,1
Newbury,1933,1
Newburyport,1909,3
Newburyport,1918,1
Newburyport,1923,1
Newburyport,1930,1
Newburyport,1933,12
Newburyport,1981,1
Newburyport,1989,1
Newburyport,2002,1
Newburyport,2018,4
Newcastle,1913,1
Newcastle,1921,3
Newcastle,1940,1
Newcastle,1955,1
Newport,1909,2
Newport,1913,2
Newport,1915,4
Newport,1918,1
Newport,1924,1
Newport,1925,1
Newport,1927,3
Newport,1929,1
Newport,1930,1
Newport,1933,20
Newport,1934,1
Newport,1940,5
Newport,1941,3
Newport,1946,1
Newport,1947,1
Newport,1950,1
Newport,1955,1
Newport,1959,3
Newport,1962,4
Newport,1963,1
Newport,1967,2
Newport,1972,1
Newport,1973,1
Newport,1977,1
Newport,1980,2
Newport,1981,1
Newport,1994,1
Newport,2000,1
Newport,2004,1
Newport,2005,1
Newport,2010,1
Newport,2012,4
Newport,2014,1
Newport,2015,1
Newport,2016,6
Newton,2017,1
Norfolk,1931,1
Norfolk,1933,2
Norfolk,1957,1
North Adams,1951,1
Northampton,2000,1
Norwalk,1933,2
Norwalk,1940,1
Norwalk,1948,1
Norwalk,1952,1
Norwalk,1977,1
Norwalk,1991,1
Norwich,1889,1
Norwich,1914,1
Norwich,1915,1
Norwich,1918,3
Norwich,1920,1
Norwich,1933,3
Norwich,1938,1
Norwich,1941,1
Norwich,1943,1
Norwich,1947,2
Norwich,1965,1
Norwich,1969,1
Norwich,1971,1
Norwich,1990,1
Norwich,2011,1
Norwich,2016,1
Nottingham,1906,1
Nottingham,1908,1
Nottingham,1910,1
Nottingham,1911,1
Nottingham,1913,1
Nottingham,1929,2
Nottingham,1983,3
Nsukka,2007,1
Nürnberg,1889,14
Nürnberg,1913,1
Nürnberg,1918,1
Nürnberg,1950,1
Nürnberg,1954,1
Nürnberg,1955,1
Nürnberg,1996,2
Oakland,2012,1
Oakland,2018,1
Oaxaca,1889,7
Ogbomosho,1973,1
Ogbomosho,1979,3
Ogbomosho,1981,4
Ogbomosho,1983,2
Oldenburg,2012,1
Oneida,1954,3
Orwigsburg,1956,1
Oshkosh,2003,1
Oshogbo,1976,1
Oshogbo,1979,6
Oshogbo,1981,2
Oshogbo,1988,1
Oshogbo,1996,1
Ouagadougou,1984,1
Ouagadougou,2012,1
Ouahigouya,1991,1
Owerri,1979,1
Owo,2013,1
Oxford,1946,1
Oxford,1958,3
Oxford,1960,1
Oxford,1963,1
Oxford,1966,1
Oxford,2016,1
Palembang,1935,3
Palembang,1942,1
Palembang,1944,1
Palembang,1965,3
Palembang,1969,3
Palembang,1973,1
Palembang,1988,5
Palembang,1999,1
Palermo,1943,1
Palermo,1946,1
Palermo,1960,1
Palmas,1979,1
Palu,1990,2
Pamplona,1922,1
Paris,1527,1
Paris,1877,2
Paris,1883,2
Paris,1889,53
Paris,1904,9
Paris,1907,1
Paris,1910,1
Paris,1913,13
Paris,1916,3
Paris,1917,36
Paris,1918,144
Paris,1919,10
Paris,1920,12
Paris,1921,20
Paris,1922,37
Paris,1923,30
Paris,1924,23
Paris,1925,12
Paris,1926,60
Paris,1927,33
Paris,1928,21
Paris,1929,48
Paris,1930,42
Paris,1931,19
Paris,1932,52
Paris,1933,1029
Paris,1934,14
Paris,1935,50
Paris,1936,8
Paris,1937,70
Paris,1938,12
Paris,1939,13
Paris,1940,19
Paris,1941,124
Paris,1942,21
Paris,1943,3
Paris,1944,198
Paris,1945,4
Paris,1946,22
Paris,1947,13
Paris,1948,365
Paris,1949,52
Paris,1950,10
Paris,1951,32
Paris,1952,80
Paris,1953,297
Paris,1954,25
Paris,1955,13
Paris,1956,17
Paris,1957,42
Paris,1958,47
Paris,1959,20
Paris,1960,66
Paris,1961,36
Paris,1962,16
Paris,1963,118
Paris,1964,19
Paris,1965,21
Paris,1966,48
Paris,1967,153
Paris,1968,54
Paris,1969,24
Paris,1970,62
Paris,1971,1
Paris,1972,11
Paris,1973,6
Paris,1974,7
Paris,1975,7
Paris,1976,6
Paris,1977,32
Paris,1978,6
Paris,1979,6
Paris,1980,4
Paris,1981,4
Paris,1982,5
Paris,1983,16
Paris,1984,6
Paris,1985,6
Paris,1986,5
Paris,1987,2
Paris,1988,12
Paris,1989,6
Paris,1990,4
Paris,1991,332
Paris,1992,1
Paris,1993,2
Paris,1994,17
Paris,1995,6
Paris,1996,2
Paris,1997,8
Paris,1998,10
Paris,1999,26
Paris,2000,2
Paris,2001,2
Paris,2002,8
Paris,2003,12
Paris,2004,2
Paris,2005,7
Paris,2006,4
Paris,2007,2
Paris,2008,30
Paris,2009,18
Paris,2011,2
Paris,2012,3
Paris,2013,9
Paris,2014,2
Paris,2015,1
Paris,2016,25
Paris,2017,1
Paris,2018,27
Park Ridge,1990,1
Parkersburg,1940,1
Parma,1930,1
Parma,1940,1
Parma,1941,5
Parma,1942,1
Parma,1947,2
Parma,1948,1
Parma,1952,1
Parma,1969,1
Parma,1980,4
Parma,1991,1
Parma,1993,1
Pasadena,1986,1
Pasadena,1992,1
Pasadena,2018,1
Paterson,1955,1
Paterson,1956,1
Paterson,1957,1
Paterson,1959,1
Paterson,1984,2
Patiala,1921,1
Pawtucket,1958,1
Pekin,2013,1
Perth Amboy,1946,1
Perugia,1941,5
Peshawar,1926,1
Petersburg,1916,1
Petersburg,1917,1
Petersburg,1925,1
Philadelphia,1883,6
Philadelphia,1889,9
Philadelphia,1895,3
Philadelphia,1907,3
Philadelphia,1908,1
Philadelphia,1909,3
Philadelphia,1910,5
Philadelphia,1912,12
Philadelphia,1913,3
Philadelphia,1914,1
Philadelphia,1916,2
Philadelphia,1918,11
Philadelphia,1921,2
Philadelphia,1922,2
Philadelphia,1924,39
Philadelphia,1925,19
Philadelphia,1926,1
Philadelphia,1930,3
Philadelphia,1931,1
Philadelphia,1932,7
Philadelphia,1933,47
Philadelphia,1935,2
Philadelphia,1936,3
Philadelphia,1938,1
Philadelphia,1939,6
Philadelphia,1940,7
Philadelphia,1941,12
Philadelphia,1942,14
Philadelphia,1943,14
Philadelphia,1944,11
Philadelphia,1945,2
Philadelphia,1946,9
Philadelphia,1947,8
Philadelphia,1948,3
Philadelphia,1949,2
Philadelphia,1950,5
Philadelphia,1951,9
Philadelphia,1952,2
Philadelphia,1953,11
Philadelphia,1954,18
Philadelphia,1955,2
Philadelphia,1956,2
Philadelphia,1957,4
Philadelphia,1958,9
Philadelphia,1959,6
Philadelphia,1960,2
Philadelphia,1961,4
Philadelphia,1962,8
Philadelphia,1963,25
Philadelphia,1964,3
Philadelphia,1965,3
Philadelphia,1966,4
Philadelphia,1967,4
Philadelphia,1968,10
Philadelphia,1969,1
Philadelphia,1970,7
Philadelphia,1971,10
Philadelphia,1972,2
Philadelphia,1973,2
Philadelphia,1974,3
Philadelphia,1975,1
Philadelphia,1976,2
Philadelphia,1978,2
Philadelphia,1979,2
Philadelphia,1980,4
Philadelphia,1982,2
Philadelphia,1983,5
Philadelphia,1984,5
Philadelphia,1985,1
Philadelphia,1986,7
Philadelphia,1987,1
Philadelphia,1988,1
Philadelphia,1989,1
Philadelphia,1990,3
Philadelphia,1991,8
Philadelphia,1992,8
Philadelphia,1993,8
Philadelphia,1994,3
Philadelphia,1995,2
Philadelphia,1997,2
Philadelphia,1998,2
Philadelphia,1999,2
Philadelphia,2000,1
Philadelphia,2001,1
Philadelphia,2002,3
Philadelphia,2003,2
Philadelphia,2005,1
Philadelphia,2006,1
Philadelphia,2007,3
Philadelphia,2009,9
Philadelphia,2011,1
Philadelphia,2012,3
Philadelphia,2013,1
Philadelphia,2014,2
Philadelphia,2015,1
Philadelphia,2016,5
Philadelphia,2017,3
Philadelphia,2018,2
Phoenix,1967,1
Phoenixville,1991,2
Pisa,1910,2
Pisa,1913,3
Pisa,1921,1
Pisa,1929,1
Pisa,1959,1
Pisa,1964,2
Pittsburgh,1910,1
Pittsburgh,1913,2
Pittsburgh,1926,5
Pittsburgh,1930,1
Pittsburgh,1934,1
Pittsburgh,1936,2
Pittsburgh,1939,7
Pittsburgh,1944,1
Pittsburgh,1945,1
Pittsburgh,1946,275
Pittsburgh,1947,1
Pittsburgh,1951,4
Pittsburgh,1960,2
Pittsburgh,1961,1
Pittsburgh,1969,5
Pittsburgh,1971,2
Pittsburgh,1974,2
Pittsburgh,1979,3
Pittsburgh,1980,6
Pittsburgh,1982,2
Pittsburgh,1983,2
Pittsburgh,1984,1
Pittsburgh,1986,1
Pittsburgh,1987,1
Pittsburgh,1991,11
Pittsburgh,1993,1
Pittsburgh,1995,1
Pittsburgh,1997,1
Pittsburgh,2000,1
Pittsburgh,2001,1
Pittsburgh,2011,1
Pittsburgh,2014,2
Pittsfield,1964,1
Pittsfield,1966,1
Pleasant Hill,2008,1
Plymouth,1909,1
Plymouth,1930,1
Plymouth,1945,2
Plymouth,1962,1
Port Moresby,1889,1
Portland,1913,1
Portland,1933,1
Portland,1934,1
Portland,1946,4
Portland,1971,1
Portland,1974,1
Portland,1984,1
Portland,1991,1
Portland,2000,4
Porto Novo,1979,2
Porto Novo,1981,1
Portsmouth,1909,4
Portsmouth,1926,1
Portsmouth,1930,1
Portsmouth,1933,3
Portsmouth,1951,1
Portsmouth,1952,3
Portsmouth,1961,1
Portsmouth,2000,1
Potsdam,1913,1
Potsdam,1953,1
Potsdam,2005,1
Poughkeepsie,1968,1
Poughkeepsie,2011,1
Prague,1889,1
Prague,1921,1
Prague,1950,1
Prague,1961,1
Prague,1966,2
Prague,1972,1
Prague,1983,2
Prague,1984,1
Prague,1986,1
Prague,1988,2
Prague,1991,1
Prague,2000,1
Prague,2005,2
Prague,2009,1
Prague,2013,2
Prague,2018,1
Preston,1925,1
Preston,1937,2
Princeton,1937,3
Providence,1908,1
Providence,1909,1
Providence,1925,1
Providence,1933,7
Providence,1939,1
Providence,1940,2
Providence,1941,6
Providence,1943,2
Providence,1946,1
Providence,1947,1
Providence,1951,4
Providence,1953,2
Providence,1958,1
Providence,1960,1
Providence,1962,2
Providence,1963,1
Providence,1964,3
Providence,1969,1
Providence,1974,4
Providence,1975,1
Providence,1976,1
Providence,1980,1
Providence,1984,5
Providence,1987,13
Providence,1991,1
Providence,2001,1
Providence,2002,1
Providence,2005,2
Providence,2008,1
Providence,2011,1
Providence,2013,5
Providence,2014,3
Providence,2016,6
Puebla,1911,5
Puebla,2017,1
Puebla,2018,3
Purnia,1891,2
Purnia,1919,1
Qazvin,1912,1
Qazvin,1913,1
Qazvin,1925,1
Qazvin,1934,1
Qazvin,1935,4
Qazvin,1950,2
Qazvin,1967,1
Qazvin,1969,1
Qazvin,1973,1
Qazvin,1990,1
Quba,1922,1
Quba,1973,1
Quito,1964,48
Rabat,1923,4
Rabat,1924,2
Rabat,1945,1
Rasht,1910,1
Ravenna,1942,1
Ravenna,1958,1
Reading,1961,4
Reading,1976,1
Reading,1980,1
Reading,1984,3
Redding,1952,2
Regensburg,1916,1
Regensburg,1960,1
Regensburg,1969,1
Regensburg,1988,1
Reims,1923,1
Reims,1926,1
Reims,1978,2
Reims,1991,1
Reims,2000,1
Reims,2010,1
Revere,1982,1
Richmond,1943,1
Richmond,1966,1
Richmond,1968,1
Ridgefield,1993,1
Rio de Janeiro,1889,1
Riverside,1987,3
Rochester,1947,1
Rochester,1959,1
Rochester,1961,1
Rochester,1968,1
Rochester,1972,1
Rochester,1974,2
Rochester,1983,1
Rochester,2018,3
Rockford,1962,1
Rockford,1963,1
Rockford,1969,1
Rocky River,2018,1
Roebourne,1961,1
Roma,1928,1
Rome,1881,1
Rome,1889,26
Rome,1911,2
Rome,1913,1
Rome,1914,1
Rome,1917,14
Rome,1918,2
Rome,1920,2
Rome,1921,56
Rome,1923,1
Rome,1924,4
Rome,1926,19
Rome,1927,5
Rome,1928,3
Rome,1930,6
Rome,1931,9
Rome,1932,3
Rome,1934,15
Rome,1935,1
Rome,1936,6
Rome,1937,3
Rome,1938,1
Rome,1939,1
Rome,1941,46
Rome,1942,7
Rome,1943,1
Rome,1944,3
Rome,1945,48
Rome,1946,3
Rome,1947,8
Rome,1948,4
Rome,1949,49
Rome,1951,34
Rome,1952,368
Rome,1953,2
Rome,1954,1
Rome,1955,1
Rome,1956,3
Rome,1957,1
Rome,1959,5
Rome,1960,3
Rome,1962,3
Rome,1964,2
Rome,1966,1
Rome,1967,2
Rome,1970,2
Rome,1977,1
Rome,1979,3
Rome,1980,1
Rome,1981,1
Rome,1983,1
Rome,1984,1
Rome,1985,1
Rome,1986,1
Rome,1988,1
Rome,1989,6
Rome,1991,6
Rome,1992,2
Rome,1993,1
Rome,1995,1
Rome,2001,1
Rome,2005,1
Rome,2006,1
Rome,2008,9
Rome,2015,2
Rostock,2011,1
Rotorua,1979,2
Rotterdam,1933,1
Rouen,1930,2
Rouen,1931,1
Rouen,1935,1
Rouen,1948,1
Rouen,1965,1
Rouen,1969,9
Rouen,1980,2
Rouen,1984,11
Rouen,1989,1
Rouen,1990,1
Rouen,1991,1
Rouen,2009,1
Rye,1968,1
Rye,2000,1
Saga,1965,1
Saint Louis,2016,1
Saint Petersburg,1986,1
Saint-Louis,2009,3
Saki,1979,2
Saki,1981,3
Saki,1983,1
Salamanca,1931,1
Salamanca,1947,1
Salamanca,1950,1
Salamanca,1968,1
Sale,1891,1
Sale,1909,2
Sale,1923,3
Sale,1924,1
Sale,1943,1
Salem,1909,11
Salem,1918,1
Salem,1926,1
Salem,1927,2
Salem,1933,3
Salem,1937,2
Salem,1941,1
Salem,1945,1
Salem,1946,3
Salem,1947,1
Salem,1952,2
Salem,1953,1
Salem,1962,1
Salem,1971,2
Salem,1977,1
Salem,1984,2
Salem,1986,1
Salem,1991,1
Salem,1996,1
Salem,1997,2
Salem,2007,1
Salem,2013,1
Salem,2015,1
Salerno,2013,1
Salisbury,1914,1
Salisbury,1979,1
Saltillo,1910,1
Saltillo,2002,1
Salzburg,1889,1
Salzburg,1913,1
Salzburg,1953,1
Salzburg,1964,2
Salzburg,1965,1
Salzburg,1969,1
Salzburg,1974,1
Salzburg,1985,1
Salzburg,1989,1
Samarqand,1891,2
Samarqand,1908,1
Samarqand,1917,1
Samarqand,1918,3
Samarqand,1920,1
Samarqand,1921,2
Samarqand,1923,2
Samarqand,1928,1
Samarqand,1938,2
Samarqand,1939,9
Samarqand,1940,4
Samarqand,1945,25
Samarqand,1954,1
Samarqand,1956,1
Samarqand,1961,2
Samarqand,1970,1
Samarqand,1972,1
Samarqand,1975,2
Samarqand,1988,3
Samarqand,2007,1
Samarra,1923,35
Samarra,1927,4
Samarra,1931,4
Samarra,1954,2
Samarra,1966,1
Samarra,1990,1
San,1889,2
San,1931,2
San,1947,1
San,1965,2
San,1979,2
San Carlos,1979,1
San Diego,1889,1
San Francisco,1916,1
San Francisco,1954,1
San Francisco,1963,3
San Francisco,1964,1
San Francisco,1981,4
San Francisco,1989,1
San Francisco,2000,1
San Francisco,2012,1
San Francisco,2013,1
San Francisco,2016,2
San Francisco,2018,3
San Jose,1889,3
San Jose,1906,1
San Juan,1997,1
San Miguel,1908,1
Sanandaj,1970,1
Sandakan,1889,1
Sandusky,1961,1
Sandwich,1913,1
Sandwich,1915,1
Sandwich,1930,7
Sandwich,1937,1
Sandwich,1939,2
Sandwich,1944,7
Sandwich,1946,46
Sandwich,1950,2
Sandwich,1951,15
Sandwich,1957,5
Sandwich,1962,4
Sandwich,1967,39
Sandwich,1970,2
Sandwich,1971,1
Sandwich,1977,1
Sandwich,1980,4
Sandwich,1981,1
Sandwich,1983,1
Sandwich,1984,1
Sandwich,1985,2
Sandwich,1986,2
Sandwich,1987,3
Sandwich,1991,1
Sandwich,2011,1
Santa Barbara,1889,1
Santa Barbara,1996,1
Santa Barbara,2015,3
Santa Barbara,2018,1
Santa Fe,1889,2
Santa Rita,1979,1
Santiago,1929,1
Santiago de Compostela,1982,1
Santo Domingo,1941,1
Saratoga,1930,1
Saratoga,1937,1
Saratoga,1944,1
Saratoga,1948,1
Savannah,1916,1
Saveh,1930,2
Savoy,1889,1
Scarborough,2007,1
Schenectady,1964,1
Seaford,1989,1
Seoul,1889,2
Seville,1908,2
Seville,1916,1
Seville,1917,1
Seville,1929,1
Seville,1930,2
Seville,1941,1
Seville,1942,1
Seville,1952,1
Seville,1972,1
Seville,1992,1
Seville,2011,1
Shanghai,1889,1
Sheffield,1940,1
Sheffield,1942,4
Sheffield,1946,6
Sheffield,1947,7
Sheffield,1948,2
Sheffield,1953,2
Sheffield,1960,2
Sheffield,1961,1
Sheffield,1964,1
Sheffield,1969,1
Sheffield,1970,2
Sheffield,1997,1
Shelbyville,1959,2
Shiraz,1883,1
Shiraz,1891,2
Shiraz,1913,7
Shiraz,1928,1
Shiraz,1929,2
Shiraz,1934,1
Shiraz,1936,3
Shiraz,1940,2
Shiraz,1945,1
Shiraz,1952,4
Shiraz,1955,6
Shiraz,1956,12
Shiraz,1959,1
Shiraz,1967,1
Shiraz,1969,1
Shiraz,1975,4
Shiraz,1986,1
Shiraz,1993,1
Shiraz,1994,2
Shiraz,1995,1
Shiraz,1997,1
Shiraz,2008,1
Shiraz,2018,1
Shrewsbury,1937,1
Shrewsbury,1938,1
Shwebo,1889,1
Siena,1889,1
Siena,1904,2
Siena,1911,2
Siena,1916,1
Siena,1917,3
Siena,1918,1
Siena,1924,22
Siena,1925,1
Siena,1941,3
Siena,1946,3
Siena,1951,1
Siena,2006,1
Sitka,1889,1
Sivas,1853,1
Skopje,1976,1
Smolensk,1889,4
Solothurn,1942,1
Somers,2004,1
Somerville,1946,1
Somerville,1979,1
Sonora,1889,1
South Amboy,1913,1
South Amboy,1914,1
South Amboy,2011,1
Southampton,1926,1
Southampton,1933,1
Southport,1989,1
Springfield,1941,4
Springfield,1943,1
Springfield,1950,1
Springfield,1951,1
Springfield,1960,1
Springfield,1966,1
Springfield,1984,1
Springfield,2000,1
Springfield,2003,3
Springfield,2007,1
Springfield,2010,1
Springfield,2013,2
Srinagar,1967,1
St. Petersburg,1925,3
St. Petersburg,1928,5
St. Petersburg,1930,2
St. Petersburg,1932,1
St. Petersburg,1933,1
St. Petersburg,1941,1
St. Petersburg,1943,1
St. Petersburg,1951,1
St. Petersburg,1955,3
St. Petersburg,1958,9
St. Petersburg,1963,7
St. Petersburg,1964,1
St. Petersburg,1965,3
St. Petersburg,1966,5
St. Petersburg,1967,6
St. Petersburg,1970,1
St. Petersburg,1972,4
St. Petersburg,1989,3
St. Petersburg,2004,1
St. Petersburg,2008,7
St. Petersburg,2014,2
Sterling,1953,2
Sterling,2018,9
Stockbridge,1964,1
Stockholm,1935,2
Stockholm,1943,3
Stockholm,1997,1
Stoke,1876,1
Stoke,1883,6
Stoke,1898,3
Stoke,1910,9
Stoke,1912,3
Stoke,1914,52
Stoke,1916,5
Stoke,1920,1
Stoke,1927,1
Stoke,1933,1
Stoke,1938,1
Stoke,1939,6
Stoke,1942,13
Stoke,1944,1
Stoke,1946,4
Stoke,1964,1
Stoke,1968,2
Stoke,1982,1
Stoke,1986,1
Stoke,2016,1
Strasbourg,1889,2
Strasbourg,1912,1
Strasbourg,1917,2
Strasbourg,1918,1
Strasbourg,1920,1
Strasbourg,1922,1
Strasbourg,1925,1
Strasbourg,1926,2
Strasbourg,1929,1
Strasbourg,1941,10
Strasbourg,1947,1
Strasbourg,1951,1
Strasbourg,1952,1
Strasbourg,1953,1
Strasbourg,1955,1
Strasbourg,1957,2
Strasbourg,1959,1
Strasbourg,1963,2
Strasbourg,1971,1
Strasbourg,1977,2
Strasbourg,1985,1
Strasbourg,1988,1
Strasbourg,1998,1
Strasbourg,2002,1
Strasbourg,2004,2
Strasbourg,2017,1
Strasburg,1933,3
Strasburg,1937,2
Strasburg,1983,2
Stuttgart,1904,1
Stuttgart,1926,3
Stuttgart,1932,1
Stuttgart,1933,1
Stuttgart,1935,2
Stuttgart,1941,1
Stuttgart,1951,1
Stuttgart,1952,1
Stuttgart,1958,2
Stuttgart,1960,1
Stuttgart,1962,1
Stuttgart,1968,3
Stuttgart,1970,3
Stuttgart,1979,1
Stuttgart,2007,1
Stuttgart,2008,1
Stuttgart,2010,1
Suffolk,2016,1
Sunderland,1980,1
Sunnyside,1966,1
Surabaya,1930,1
Surakarta,1932,2
Surakarta,1935,9
Surakarta,1977,49
Surakarta,1988,2
Surat,1946,6
Surat,1949,1
Sutton,1906,1
Sydney,1925,1
Syracuse,1922,2
Syracuse,1923,3
Syracuse,1926,1
Syracuse,1928,2
Syracuse,1930,2
Syracuse,1961,2
Syracuse,1964,1
Syracuse,1969,1
Syracuse,1983,1
Syracuse,1984,1
Syracuse,1991,1
Syracuse,1992,1
Syracuse,2016,1
Syracuse,2017,1
Syracuse,2018,2
Ségou,1969,4
Ségou,1979,1
Ségou,1981,2
Ségou,2010,1
Ségou,2011,1
Tabriz,1891,1
Tabriz,1908,1
Tabriz,1911,1
Tabriz,1913,3
Tabriz,1917,4
Tabriz,1918,1
Tabriz,1923,1
Tabriz,1925,1
Tabriz,1933,1
Tabriz,1952,1
Tabriz,1956,2
Tabriz,1957,1
Tabriz,1968,2
Tabriz,1970,75
Tabriz,1972,1
Tabriz,1986,1
Tabriz,1988,1
Tangier,1889,2
Tarrytown,2011,1
Tarrytown,2018,2
Tashkent,1891,2
Tashkent,2008,1
Taunton,1945,1
Taunton,1985,1
Taunton,2004,1
Tbilisi,1889,1
Tbilisi,1932,1
Tbilisi,1935,1
Tehran,1888,1
Tehran,1898,1
Tehran,1967,1
Tehran,1998,1
Thanjavur,1891,1
Thanjavur,1915,1
Thanjavur,1935,36
Thanjavur,1946,1
Thanjavur,2014,1
The Hague,1917,1
The Hague,1930,161
The Hague,1931,1
The Hague,1940,3
The Hague,1942,1
The Hague,1949,119
The Hague,1954,2
The Hague,1956,1
The Hague,1966,1
The Hague,1967,2
Thessaloniki,1879,8
Thessaloniki,1949,1
Thomaston,1980,1
Thomaston,2005,1
Thurmont,1933,1
Tiffin,1979,1
Timbuktu,1965,1
Tirana,1917,1
Tokyo,1889,2
Tokyo,1891,6
Tokyo,1932,1
Tokyo,1935,1
Tokyo,1946,1
Tokyo,1948,1
Tokyo,1962,1
Tokyo,1968,2
Tokyo,1970,4
Tokyo,1980,1
Tokyo,1986,3
Tokyo,1999,1
Tokyo,2000,1
Toledo,1904,2
Toledo,1913,10
Toledo,1929,2
Toledo,1932,1
Toledo,1941,1
Toledo,1942,1
Toledo,1951,8
Toledo,1958,1
Toledo,1961,1
Toledo,1963,2
Toledo,1969,6
Toledo,1970,1
Toledo,1972,2
Toledo,1979,1
Tongren,2016,1
Toronto,1970,1
Toronto,1972,1
Torrington,2002,4
Tougan,1976,7
Toulouse,1889,1
Toulouse,1917,1
Toulouse,1921,1
Toulouse,1925,1
Toulouse,1931,1
Toulouse,1976,1
Toulouse,1982,2
Toulouse,2000,1
Toulouse,2007,1
Tours,1937,4
Tours,1966,1
Tours,2004,1
Trento,1889,1
Trenton,1883,2
Trenton,1957,1
Trenton,1968,1
Trenton,1974,1
Trenton,1975,1
Trenton,1983,4
Trenton,1984,9
Trenton,1985,1
Trenton,1986,2
Trenton,1987,2
Trenton,1989,3
Trenton,1990,4
Trenton,1991,6
Trenton,1992,4
Trenton,1994,3
Trenton,1997,2
Trenton,2000,14
Trenton,2001,2
Trenton,2004,3
Trenton,2005,9
Trenton,2006,1
Trenton,2010,2
Trenton,2011,6
Trenton,2013,8
Trenton,2014,1
Trenton,2015,2
Trenton,2017,1
Trenton,2018,5
Treviso,2002,1
Trondheim,1831,22
Trondheim,1917,1
Troy,1935,1
Troy,1954,1
Troy,1956,2
Troy,1971,1
Troy,1977,1
Troy,1984,1
Troyes,1916,3
Troyes,1921,1
Troyes,1925,1
Troyes,1926,1
Troyes,1940,1
Troyes,1977,3
Troyes,1987,1
Troyes,1994,2
Tula,1926,3
Tula,1969,1
Tula,1990,1
Tula,2004,1
Tula,2018,1
Tunis,1940,1
Tunja,1977,1
Turin,1889,1
Turin,1926,1
Turin,1928,1
Turin,1939,1
Turin,1941,2
Turin,1951,1
Turin,1959,1
Turin,1960,1
Udine,1929,1
Udine,1941,33
Ulaanbaatar,2000,1
Ulaanbaatar,2001,2
Ulaanbaatar,2002,1
Ulm,1909,1
Ulm,1917,1
Ulm,1956,1
Ulm,2012,1
University City,2017,1
University City,2018,9
Upland,1976,1
Utica,1921,1
Utica,1938,1
Utica,1950,1
Utica,1951,1
Utica,1954,1
Utica,1963,1
Utica,1964,2
Utica,1991,1
Utica,1997,1
Utrecht,1921,1
Utrecht,1936,1
Utrecht,1952,1
Utrecht,1976,1
Utrecht,1982,1
Valencia,1889,2
Valencia,1891,1
Valencia,1907,1
Valencia,1908,1
Valencia,1913,1
Valencia,1927,1
Valencia,1933,1
Valencia,1940,1
Valencia,1941,2
Valencia,1968,3
Valladolid,1951,1
Valladolid,1999,1
Valley,1889,2
Valley,1917,2
Valley,1926,1
Valley,1947,1
Valley,1950,2
Valley,1991,2
Valley,2012,2
Valley,2018,1
Vancouver,1889,1
Vancouver,2012,1
Vancouver,2013,1
Varamin,1908,1
Varamin,1915,1
Varamin,1920,1
Varanasi,1909,4
Varanasi,1921,1
Varanasi,1946,8
Varanasi,1949,2
Venice,1889,4
Venice,1890,1
Venice,1896,1
Venice,1904,9
Venice,1907,1
Venice,1908,1
Venice,1909,10
Venice,1911,2
Venice,1913,24
Venice,1914,1
Venice,1916,2
Venice,1917,9
Venice,1918,173
Venice,1919,3
Venice,1920,6
Venice,1921,104
Venice,1922,49
Venice,1923,7
Venice,1924,5
Venice,1925,6
Venice,1926,7
Venice,1927,4
Venice,1928,1
Venice,1929,7
Venice,1930,1
Venice,1931,3
Venice,1932,3
Venice,1933,23
Venice,1934,5
Venice,1935,3
Venice,1936,3
Venice,1937,15
Venice,1938,3
Venice,1939,3
Venice,1940,3
Venice,1941,68
Venice,1942,9
Venice,1943,3
Venice,1944,4
Venice,1945,12
Venice,1946,16
Venice,1947,2
Venice,1948,4
Venice,1949,41
Venice,1950,2
Venice,1951,1
Venice,1953,52
Venice,1954,1
Venice,1955,1
Venice,1956,3
Venice,1957,41
Venice,1958,1
Venice,1959,5
Venice,1960,1
Venice,1961,1
Venice,1962,31
Venice,1963,1
Venice,1964,1
Venice,1965,2
Venice,1966,1
Venice,1967,2
Venice,1968,3
Venice,1969,4
Venice,1970,4
Venice,1971,2
Venice,1975,1
Venice,1977,1
Venice,1981,2
Venice,1982,1
Venice,1983,1
Venice,1989,1
Venice,1990,1
Venice,1997,1
Venice,1998,1
Venice,2005,2
Venice,2006,1
Venice,2009,1
Venice,2010,1
Vernon,1939,1
Verona,1912,2
Verona,1915,1
Verona,1920,1
Verona,1921,3
Verona,1926,1
Verona,1932,1
Verona,1958,1
Verona,1962,1
Verona,1966,1
Versailles,1926,1
Versailles,1928,1
Versailles,1932,1
Versailles,1936,1
Versailles,1942,1
Versailles,1952,1
Versailles,1970,1
Versailles,2004,73
Versailles,2008,1
Victoria,1889,19
Vienna,1889,18
Vienna,1924,2
Vienna,1925,1
Vienna,1926,2
Vienna,1928,1
Vienna,1929,3
Vienna,1931,1
Vienna,1932,2
Vienna,1938,1
Vienna,1939,1
Vienna,1948,2
Vienna,1949,2
Vienna,1951,27
Vienna,1952,1
Vienna,1953,3
Vienna,1954,1
Vienna,1955,1
Vienna,1956,4
Vienna,1958,1
Vienna,1959,1
Vienna,1960,4
Vienna,1961,1
Vienna,1962,1
Vienna,1963,1
Vienna,1964,1
Vienna,1971,1
Vienna,1973,1
Vienna,1974,3
Vienna,1978,1
Vienna,1979,2
Vienna,1981,2
Vienna,1982,2
Vienna,1984,1
Vienna,1986,2
Vienna,1991,1
Vienna,1996,1
Vienna,1998,1
Vienna,2001,1
Vienna,2007,1
Vienna,2009,2
Vienna,2011,1
Vienna,2016,1
Vienna,2018,1
Vineland,1968,1
Wakefield,1978,2
Wallington,1951,1
Waltham,1936,1
Waltham,1959,1
Waltham,1960,1
Waltham,1975,1
Warren,1945,1
Warren,1952,1
Warren,2018,1
Warsaw,1928,1
Warsaw,1965,14
Warsaw,1966,9
Washington,1892,1
Washington,1950,1
Washington,1951,1
Washington,1955,1
Washington,1961,1
Washington,1962,1
Washington,1971,12
Washington,1974,1
Washington,1980,3
Washington,1986,1
Washington,2007,2
Washington,2010,1
Waterbury,1925,1
Waterbury,1953,3
Waterbury,2018,1
Waterford,1970,1
Waterloo,1952,1
Waterville,1960,1
Watervliet,1966,8
Waynesboro,1933,1
Waynesboro,2011,1
Waynesboro,2016,1
Westbrook,1908,1
Westbrook,1941,3
Westbrook,1971,1
Westfield,1916,1
Westminster,1965,1
Westminster,1991,1
Wheeling,1930,1
Wheeling,1939,1
Wheeling,1946,98
Wheeling,1963,3
Wheeling,1984,3
Wheeling,1985,4
Wheeling,1987,1
Wheeling,1991,2
Wheeling,2011,1
Wheeling,2015,1
Williamsburg,1988,1
Williamsport,1960,1
Wilmington,1924,1
Wilmington,1957,1
Wilmington,1958,1
Wilmington,2010,1
Winchester,1889,2
Winchester,1979,1
Winchester,1986,1
Winchester,1997,1
Windsor,1909,1
Windsor,1935,1
Windsor,1938,1
Winnetka,1986,1
Winston-Salem,1969,1
Wolverhampton,1962,1
Woodbury,1910,1
Woodstock,1991,1
Woodstock,1993,1
Woodstock,2018,1
Worcester,1927,1
Worcester,1933,1
Worcester,1941,2
Worcester,1942,1
Worcester,1944,1
Worcester,1945,1
Worcester,1955,1
Worcester,1957,1
Worcester,1958,1
Worcester,1960,1
Worcester,1964,1
Worcester,1983,1
Worcester,1986,1
Würzburg,1941,1
Würzburg,1961,1
Würzburg,1970,1
Würzburg,1975,1
Yangzhou,2016,1
Yazd,1933,1
Yazd,1934,2
Yazd,1935,1
Yogyakarta,1935,9
York,1941,1
York,1966,2
York,1970,1
York,1986,1
York,1991,1
York,2016,1
York,2018,1
Zagreb,1889,1
Zamora,1916,1
Zanesville,1914,1
Zanesville,1922,1
Zanesville,1937,1
Zanesville,1938,1
Zanesville,1939,2
Zanesville,1940,1
Zanesville,1942,1
Zanesville,1944,1
Zanesville,1947,1
Zanesville,1960,1
Zanesville,1969,2
Zanesville,1980,1
Zanesville,1984,3
Zanesville,1991,1
Zanesville,2018,12
Zanzibar,1889,1
Zaragoza,1992,1
Zaranj,1939,2
Zürich,1910,1
Zürich,1917,1
Zürich,1936,1
Zürich,1945,1
Zürich,1949,1
Zürich,1952,1
Zürich,1967,1
[],1084,1
[],1203,1
[],1265,1
[],1320,1
[],1322,1
[],1375,1
[],1568,1
[],1613,1
[],1615,1
[],1635,1
[],1641,1
[],1657,1
[],1745,1
[],1877,1
[],1879,7
[],1883,2
[],1886,1
[],1888,1
[],1889,127
[],1890,65
[],1891,29
[],1894,3
[],1895,2
[],1896,3
[],1897,12
[],1898,13
[],1899,1
[],1900,1
[],1902,24
[],1903,6
[],1904,32
[],1905,5
[],1906,14
[],1907,39
[],1908,39
[],1909,38
[],1910,157
[],1911,10
[],1912,80
[],1913,94
[],1914,408
[],1915,19
[],1916,22
[],1917,317
[],1918,19
[],1919,8
[],1920,142
[],1921,31
[],1922,49
[],1923,22
[],1924,13
[],1925,23
[],1926,60
[],1927,112
[],1928,43
[],1929,40
[],1930,40
[],1931,28
[],1932,247
[],1933,88
[],1934,13
[],1935,89
[],1936,72
[],1937,220
[],1938,322
[],1939,780
[],1940,705
[],1941,51
[],1942,46
[],1943,51
[],1944,9
[],1945,11
[],1946,128
[],1947,284
[],1948,2333
[],1949,61
[],1950,4
[],1951,53
[],1952,46
[],1953,41
[],1954,19
[],1955,17
[],1956,118
[],1957,16
[],1958,76
[],1959,21
[],1960,134
[],1961,32
[],1962,17
[],1963,17
[],1964,28
[],1965,374
[],1966,71
[],1967,20
[],1968,40
[],1969,37
[],1970,28
[],1971,17
[],1972,45
[],1973,11
[],1974,158
[],1975,19
[],1976,38
[],1977,35
[],1978,6
[],1979,150
[],1980,16
[],1981,19
[],1982,10
[],1983,33
[],1984,24
[],1985,13
[],1986,39
[],1987,17
[],1988,16
[],1989,9
[],1990,21
[],1991,149
[],1992,16
[],1993,10
[],1994,19
[],1995,11
[],1996,6
[],1997,13
[],1998,8
[],1999,10
[],2000,10
[],2001,8
[],2002,15
[],2003,10
[],2004,4
[],2005,14
[],2006,10
[],2007,8
[],2008,11
[],2009,10
[],2010,2
[],2011,10
[],2012,4
[],2013,4
[],2014,12
[],2015,51
[],2016,14
[],2017,39
[],2018,64
