CountryMatch,Donation_Yr,Object ID
Afghanistan,1891,2
Afghanistan,1898,1
Afghanistan,1906,1
Afghanistan,1908,1
Afghanistan,1911,12
Afghanistan,1913,26
Afghanistan,1917,1
Afghanistan,1922,1
Afghanistan,1929,1
Afghanistan,1937,1
Afghanistan,1941,1
Afghanistan,1943,1
Afghanistan,1946,3
Afghanistan,1951,1
Afghanistan,1952,2
Afghanistan,1955,1
Afghanistan,1956,5
Afghanistan,1958,1
Afghanistan,1963,5
Afghanistan,1965,2
Afghanistan,1966,1
Afghanistan,1971,4
Afghanistan,1973,2
Afghanistan,1974,1
Afghanistan,1975,8
Afghanistan,1976,5
Afghanistan,1977,1
Afghanistan,1978,1
Afghanistan,1979,2
Afghanistan,1981,1
Afghanistan,1982,1
Afghanistan,1983,1
Afghanistan,1990,1
Afghanistan,1992,1
Afghanistan,1994,4
Afghanistan,1997,1
Afghanistan,1998,1
Afghanistan,2000,1
Afghanistan,2005,1
Afghanistan,2006,1
Afghanistan,2007,1
Afghanistan,2008,1
Afghanistan,2010,1
Afghanistan,2014,3
Afghanistan,2015,28
Albania,1891,1
Albania,1907,1
Albania,1917,1
Algeria,1889,18
Algeria,1891,3
Algeria,1908,1
Algeria,1909,1
Algeria,1926,4
Algeria,1928,1
Algeria,1931,1
Algeria,1940,1
Algeria,1941,14
Algeria,1943,3
Algeria,1946,1
Algeria,1947,1
Algeria,1948,3
Algeria,1949,1
Algeria,1954,28
Algeria,1955,1
Algeria,1956,2
Algeria,1957,2
Algeria,1960,2
Algeria,1962,1
Algeria,1977,1
Algeria,1982,1
Algeria,2014,10
Algeria,2018,1
Angola,1255,1
Angola,1886,1
Angola,1889,5
Angola,1960,1
Angola,1966,1
Angola,1967,1
Angola,1968,2
Angola,1970,2
Angola,1971,1
Angola,1972,1
Angola,1974,1
Angola,1977,2
Angola,1978,1
Angola,1979,4
Angola,1980,1
Angola,1985,1
Angola,1988,2
Angola,1989,1
Angola,1990,1
Angola,1992,2
Angola,1993,1
Angola,1996,3
Angola,1997,1
Angola,1999,6
Angola,2001,1
Angola,2003,1
Argentina,1964,1
Argentina,1979,3
Argentina,1991,1
Argentina,2015,1
Argentina,2016,8
Argentina,2017,1
Argentina,2018,1
Armenia,1889,1
Armenia,1906,1
Armenia,1908,2
Armenia,1910,1
Armenia,1913,1
Armenia,1916,1
Armenia,1938,1
Armenia,1942,1
Armenia,1945,1
Armenia,1948,2
Armenia,1949,4
Armenia,1951,1
Armenia,1953,1
Armenia,1960,1
Armenia,1961,1
Armenia,1980,1
Armenia,1991,1
Australia,1889,11
Australia,1960,3
Australia,1961,7
Australia,1965,8
Australia,1966,1
Australia,1967,1
Australia,1970,4
Australia,1972,2
Australia,1975,1
Australia,1979,31
Australia,1986,3
Australia,1989,1
Australia,1996,2
Australia,2002,1
Austria,1889,39
Austria,1912,2
Austria,1916,1
Austria,1921,1
Austria,1930,1
Austria,1932,1
Austria,1936,2
Austria,1946,1
Austria,1948,1
Austria,1949,1
Austria,1953,1
Austria,1954,1
Austria,1955,3
Austria,1958,1
Austria,1959,1
Austria,1960,2
Austria,1961,1
Austria,1962,1
Austria,1963,1
Austria,1964,3
Austria,1965,13
Austria,1968,13
Austria,1969,1
Austria,1974,2
Austria,1975,1
Austria,1978,1
Austria,1979,3
Austria,1982,2
Austria,1983,1
Austria,1984,2
Austria,1985,1
Austria,1986,12
Austria,1987,2
Austria,1988,1
Austria,1989,2
Austria,1991,1
Austria,1992,1
Austria,1996,1
Austria,1997,1
Austria,1998,1
Austria,2001,1
Austria,2003,1
Austria,2007,1
Austria,2009,2
Austria,2011,2
Austria,2013,1
Azerbaijan,1889,5
Azerbaijan,1908,2
Azerbaijan,1915,3
Azerbaijan,1922,8
Azerbaijan,1923,4
Azerbaijan,1949,1
Azerbaijan,1961,1
Azerbaijan,1971,1
Azerbaijan,1973,1
Bangladesh,1912,1
Bangladesh,1920,1
Bangladesh,1930,1
Bangladesh,1946,6
Belgium,1889,27
Belgium,1911,1
Belgium,1926,1
Belgium,1942,1
Belgium,1949,1
Belgium,1951,5
Belgium,1953,1
Belgium,1959,1
Belgium,1967,1
Belgium,1974,1
Belgium,1976,2
Belgium,2009,1
Belgium,2011,2
Belgium,2015,1
Belgium,2017,1
Belize,2015,1
Benin,1889,5
Benin,1960,1
Benin,1968,1
Benin,1973,2
Benin,1979,7
Benin,1981,2
Benin,1982,2
Benin,1984,1
Benin,1986,1
Benin,1988,79
Benin,1989,22
Benin,1992,1
Benin,2002,2
Benin,2007,1
Benin,2009,1
Bermuda,1936,2
Bhutan,1987,2
Bolivia,1889,4
Bolivia,1931,1
Bolivia,1946,1
Bolivia,1968,1
Bolivia,1969,1
Bolivia,1978,8
Bolivia,1979,2
Bolivia,1986,3
Bolivia,1993,19
Bolivia,1995,35
Bolivia,1997,93
Bolivia,2000,10
Bolivia,2002,5
Bolivia,2006,1
Bolivia,2007,1
Bolivia,2017,31
Bolivia,2018,1
Bosnia and Herzegovina,1879,1
Bosnia and Herzegovina,1889,2
Bosnia and Herzegovina,1976,3
Brazil,1889,14
Brazil,1907,1
Brazil,1908,1
Brazil,1909,1
Brazil,1954,2
Brazil,1958,2
Brazil,1960,1
Brazil,1962,1
Brazil,1965,1
Brazil,1971,6
Brazil,1978,2
Brazil,1979,3
Brazil,1986,6
Brazil,1993,2
Brazil,2005,1
Brazil,2017,1
Bulgaria,1879,2
Bulgaria,1889,7
Bulgaria,1910,1
Bulgaria,2003,1
Burkina Faso,1889,1
Burkina Faso,1959,7
Burkina Faso,1960,1
Burkina Faso,1964,1
Burkina Faso,1969,4
Burkina Faso,1971,1
Burkina Faso,1973,2
Burkina Faso,1975,1
Burkina Faso,1976,11
Burkina Faso,1977,4
Burkina Faso,1979,13
Burkina Faso,1980,2
Burkina Faso,1981,1
Burkina Faso,1982,2
Burkina Faso,1983,1
Burkina Faso,1984,7
Burkina Faso,1985,1
Burkina Faso,1986,2
Burkina Faso,1988,2
Burkina Faso,1989,2
Burkina Faso,1991,3
Burkina Faso,1993,4
Burkina Faso,1994,5
Burkina Faso,1996,1
Burkina Faso,1997,19
Burkina Faso,1999,2
Burkina Faso,2000,1
Burkina Faso,2001,1
Burkina Faso,2012,4
Burkina Faso,2013,1
Burkina Faso,2014,1
Cambodia,1889,2
Cambodia,1946,1
Cambodia,1990,1
Cambodia,2004,1
Cameroon,1889,8
Cameroon,1950,1
Cameroon,1957,1
Cameroon,1964,2
Cameroon,1965,1
Cameroon,1967,9
Cameroon,1968,1
Cameroon,1969,1
Cameroon,1971,1
Cameroon,1972,78
Cameroon,1974,2
Cameroon,1976,1
Cameroon,1977,7
Cameroon,1978,2
Cameroon,1979,43
Cameroon,1980,5
Cameroon,1981,1
Cameroon,1982,7
Cameroon,1983,7
Cameroon,1984,8
Cameroon,1985,1
Cameroon,1986,3
Cameroon,1987,6
Cameroon,1988,1
Cameroon,1991,8
Cameroon,1992,3
Cameroon,1994,2
Cameroon,1995,1
Cameroon,1996,1
Cameroon,1997,4
Cameroon,1999,1
Cameroon,2000,24
Cameroon,2001,2
Cameroon,2002,1
Cameroon,2003,2
Cameroon,2006,1
Cameroon,2013,5
Cameroon,2014,1
Cameroon,2015,2
Cameroon,2016,1
Cameroon,2017,1
Canada,1889,113
Canada,1927,1
Canada,1930,1
Canada,1933,3
Canada,1943,2
Canada,1962,1
Canada,1963,1
Canada,1965,1
Canada,1966,1
Canada,1967,1
Canada,1969,94
Canada,1970,74
Canada,1979,20
Canada,1986,1
Canada,2002,1
Canada,2003,2
Canada,2011,66
Canada,2012,1
Canada,2013,1
Canada,2017,1
Central African Republic,1960,1
Central African Republic,1979,1
Central African Republic,2003,3
Chad,1979,1
Chad,2000,1
Chad,2007,1
Chile,1944,1
Chile,1963,1
Chile,1965,1
Chile,1972,1
Chile,1979,4
Chile,1984,1
Chile,1989,1
Chile,1993,5
Chile,1995,1
Chile,1996,1
Chile,1997,6
Chile,2000,1
China,1889,160
China,1891,5
China,1909,1
China,1910,254
China,1912,1
China,1914,16
China,1917,1
China,1922,2
China,1923,6
China,1925,4
China,1926,2
China,1927,1
China,1928,2
China,1929,2
China,1930,9
China,1931,1
China,1932,4
China,1934,2
China,1935,8
China,1936,2
China,1938,12
China,1939,31
China,1940,12
China,1941,5
China,1942,30
China,1944,2
China,1946,33
China,1947,5
China,1948,7
China,1949,1
China,1950,5
China,1951,1
China,1953,11
China,1954,47
China,1955,2
China,1956,2
China,1958,1
China,1960,167
China,1962,2
China,1963,1
China,1964,1
China,1965,1
China,1966,1
China,1967,4
China,1968,1
China,1971,26
China,1973,1
China,1977,2
China,1978,1
China,1980,2
China,1982,2
China,1984,1
China,1986,2
China,1987,1
China,1988,3
China,1989,1
China,1990,21
China,1992,1
China,1998,1
China,1999,1
China,2001,4
China,2005,1
China,2006,1
China,2009,6
China,2011,1
China,2016,4
China,2017,1
Colombia,1886,1
Colombia,1889,15
Colombia,1891,56
Colombia,1904,4
Colombia,1906,1
Colombia,1917,1
Colombia,1960,1
Colombia,1967,1
Colombia,1969,2
Colombia,1970,1
Colombia,1975,1
Colombia,1976,2
Colombia,1977,44
Colombia,1979,66
Colombia,1980,6
Colombia,1982,1
Colombia,1983,2
Colombia,1984,25
Colombia,1991,32
Colombia,1992,3
Colombia,1993,33
Colombia,1994,1
Colombia,1995,2
Colombia,1996,2
Colombia,1999,2
Colombia,2002,7
Colombia,2004,4
Colombia,2005,4
Colombia,2007,2
Colombia,2008,10
Colombia,2015,1
Congo,1889,39
Congo,1909,2
Congo,1913,1
Congo,1930,5
Congo,1938,5
Congo,1946,1
Congo,1956,1
Congo,1959,1
Congo,1960,5
Congo,1961,3
Congo,1962,2
Congo,1963,3
Congo,1964,6
Congo,1965,3
Congo,1966,11
Congo,1967,12
Congo,1968,11
Congo,1969,10
Congo,1970,9
Congo,1971,7
Congo,1972,15
Congo,1974,48
Congo,1975,1
Congo,1976,8
Congo,1977,26
Congo,1978,6
Congo,1979,74
Congo,1980,2
Congo,1981,5
Congo,1982,7
Congo,1983,4
Congo,1984,21
Congo,1985,5
Congo,1986,5
Congo,1987,3
Congo,1988,3
Congo,1989,7
Congo,1990,13
Congo,1991,6
Congo,1992,6
Congo,1993,9
Congo,1994,8
Congo,1995,3
Congo,1997,8
Congo,1998,12
Congo,1999,27
Congo,2000,6
Congo,2001,20
Congo,2002,1
Congo,2003,5
Congo,2004,9
Congo,2006,7
Congo,2007,3
Congo,2008,2
Congo,2009,1
Congo,2010,1
Congo,2011,13
Congo,2012,2
Congo,2013,4
Congo,2014,2
Congo,2015,1
Congo,2017,12
Congo,2018,1
Costa Rica,1181,1
Costa Rica,1889,41
Costa Rica,1891,3
Costa Rica,1905,1
Costa Rica,1906,9
Costa Rica,1908,6
Costa Rica,1959,1
Costa Rica,1960,1
Costa Rica,1965,1
Costa Rica,1966,1
Costa Rica,1969,4
Costa Rica,1976,1
Costa Rica,1977,32
Costa Rica,1978,3
Costa Rica,1979,86
Costa Rica,1986,17
Costa Rica,1991,9
Costa Rica,1993,26
Costa Rica,1994,1
Costa Rica,1996,1
Costa Rica,2002,2
Costa Rica,2008,3
Costa Rica,2011,1
Costa Rica,2012,1
Croatia,1889,1
Croatia,1976,19
Croatia,1993,2
Cuba,1889,7
Cuba,1908,2
Cuba,1986,1
Cyprus,1874,1
Cyprus,1891,1
Cyprus,1915,1
Czech Republic,1889,5
Czech Republic,1909,2
Czech Republic,1910,3
Czech Republic,1913,31
Czech Republic,1914,5
Czech Republic,1917,1
Czech Republic,1920,2
Czech Republic,1924,1
Czech Republic,1934,2
Czech Republic,1937,2
Czech Republic,1957,2
Czech Republic,1965,1
Czech Republic,1969,1
Czech Republic,1972,1
Czech Republic,1978,2
Czech Republic,1979,1
Czech Republic,1983,1
Czech Republic,1989,2
Czech Republic,1997,1
Czech Republic,2011,30
Czech Republic,2016,1
Denmark,1889,1
Denmark,1983,1
Dominican Republic,1979,3
Dominican Republic,1982,10
Dominican Republic,1983,9
Dominican Republic,1984,4
Dominican Republic,1993,10
Dominican Republic,1997,4
Dominican Republic,2008,1
Dominican Republic,2010,1
Dominican Republic,2014,2
Ecuador,1964,41
Ecuador,1975,1
Ecuador,1977,4
Ecuador,1979,5
Ecuador,1980,61
Ecuador,1981,1
Ecuador,1983,4
Ecuador,1986,12
Ecuador,1987,1
Ecuador,1988,11
Ecuador,1991,6
Ecuador,1994,10
Ecuador,1995,4
Ecuador,1997,10
Ecuador,2003,1
Ecuador,2005,1
Ecuador,2008,7
Ecuador,2014,2
Egypt,1050,1
Egypt,1167,1
Egypt,1236,1
Egypt,1812,1
Egypt,1856,1
Egypt,1867,1
Egypt,1874,1
Egypt,1881,6
Egypt,1886,86
Egypt,1889,672
Egypt,1890,1037
Egypt,1891,47
Egypt,1893,17
Egypt,1896,18
Egypt,1897,82
Egypt,1898,153
Egypt,1899,65
Egypt,1900,86
Egypt,1901,85
Egypt,1902,137
Egypt,1903,85
Egypt,1904,457
Egypt,1905,361
Egypt,1906,119
Egypt,1907,518
Egypt,1908,743
Egypt,1909,994
Egypt,1910,2862
Egypt,1911,1212
Egypt,1912,1116
Egypt,1913,461
Egypt,1914,1431
Egypt,1915,1848
Egypt,1916,622
Egypt,1917,1988
Egypt,1918,43
Egypt,1919,206
Egypt,1920,1282
Egypt,1921,878
Egypt,1922,1577
Egypt,1923,793
Egypt,1924,179
Egypt,1925,1430
Egypt,1926,2207
Egypt,1927,688
Egypt,1928,159
Egypt,1929,129
Egypt,1930,786
Egypt,1931,578
Egypt,1932,303
Egypt,1933,309
Egypt,1934,148
Egypt,1935,783
Egypt,1936,299
Egypt,1937,12
Egypt,1938,46
Egypt,1939,12
Egypt,1940,107
Egypt,1941,99
Egypt,1942,21
Egypt,1943,9
Egypt,1944,91
Egypt,1945,37
Egypt,1946,19
Egypt,1947,17
Egypt,1948,206
Egypt,1949,13
Egypt,1950,20
Egypt,1951,24
Egypt,1952,4
Egypt,1953,8
Egypt,1954,15
Egypt,1955,34
Egypt,1956,14
Egypt,1957,189
Egypt,1958,44
Egypt,1959,94
Egypt,1960,14
Egypt,1961,8
Egypt,1962,9
Egypt,1963,4
Egypt,1964,34
Egypt,1965,44
Egypt,1966,193
Egypt,1967,16
Egypt,1968,45
Egypt,1969,23
Egypt,1970,52
Egypt,1971,37
Egypt,1972,48
Egypt,1973,79
Egypt,1974,47
Egypt,1975,59
Egypt,1976,13
Egypt,1977,9
Egypt,1978,60
Egypt,1979,13
Egypt,1980,23
Egypt,1981,105
Egypt,1982,19
Egypt,1983,8
Egypt,1984,6
Egypt,1985,42
Egypt,1986,12
Egypt,1987,18
Egypt,1988,18
Egypt,1989,16
Egypt,1990,7
Egypt,1991,108
Egypt,1992,10
Egypt,1993,5
Egypt,1994,12
Egypt,1995,5
Egypt,1996,2
Egypt,1997,7
Egypt,1998,11
Egypt,1999,2
Egypt,2000,6
Egypt,2001,7
Egypt,2002,77
Egypt,2003,4
Egypt,2005,5
Egypt,2006,19
Egypt,2007,7
Egypt,2008,17
Egypt,2009,7
Egypt,2010,10
Egypt,2011,4
Egypt,2012,11
Egypt,2013,3
Egypt,2014,22
Egypt,2015,8
Egypt,2016,4
Egypt,2017,4
Egypt,2018,7
El Salvador,1982,1
El Salvador,1993,2
Ethiopia,1889,2
Ethiopia,1895,1
Ethiopia,1904,1
Ethiopia,1946,2
Ethiopia,1968,1
Ethiopia,1972,2
Ethiopia,1980,2
Ethiopia,1984,5
Ethiopia,1986,1
Ethiopia,1997,3
Ethiopia,1998,2
Ethiopia,1999,2
Ethiopia,2002,1
Ethiopia,2004,1
Ethiopia,2006,3
Ethiopia,2008,3
Ethiopia,2011,4
Ethiopia,2012,1
Ethiopia,2015,1
Ethiopia,2016,1
Ethiopia,2017,9
Fiji,1835,1
Fiji,1889,6
Fiji,1955,1
Fiji,1960,3
Fiji,1961,1
Fiji,1966,1
Fiji,1977,5
Fiji,1979,10
Fiji,1985,9
Fiji,1990,8
Fiji,1997,4
Fiji,2018,1
Finland,1889,1
Finland,1947,2
Finland,1949,4
Finland,1951,1
France,1527,1
France,1846,1
France,1883,167
France,1889,240
France,1893,2
France,1895,2
France,1898,3
France,1901,3
France,1902,1
France,1904,1
France,1906,2
France,1907,2
France,1910,4
France,1911,2
France,1913,6
France,1914,1
France,1915,3
France,1916,11
France,1917,334
France,1919,6
France,1920,4
France,1921,2
France,1922,6
France,1923,40
France,1924,7
France,1925,382
France,1926,12
France,1927,1
France,1928,5
France,1929,2
France,1930,7
France,1931,18
France,1932,2
France,1933,2
France,1934,16
France,1935,30
France,1936,6
France,1937,7
France,1938,3
France,1939,4
France,1940,8
France,1941,36
France,1942,3
France,1944,4
France,1945,2
France,1946,9
France,1947,32
France,1948,8
France,1949,24
France,1950,44
France,1951,3
France,1952,8
France,1953,1
France,1954,8
France,1955,3
France,1957,2
France,1958,4
France,1960,1
France,1961,3
France,1962,3
France,1963,5
France,1964,2
France,1965,4
France,1966,5
France,1967,144
France,1968,7
France,1969,15
France,1970,3
France,1971,4
France,1973,3
France,1974,2
France,1976,8
France,1977,3
France,1978,2
France,1979,13
France,1980,8
France,1981,2
France,1982,20
France,1983,10
France,1984,14
France,1985,4
France,1986,9
France,1988,4
France,1989,8
France,1990,6
France,1991,14
France,1992,4
France,1993,1
France,1994,21
France,1995,3
France,1996,4
France,1997,8
France,1998,9
France,1999,10
France,2000,4
France,2001,3
France,2002,22
France,2003,15
France,2004,4
France,2005,10
France,2006,10
France,2007,5
France,2008,31
France,2009,19
France,2010,3
France,2011,4
France,2012,3
France,2013,3
France,2014,1
France,2015,5
France,2016,1
France,2018,28
Gabon,1889,32
Gabon,1911,1
Gabon,1950,1
Gabon,1956,1
Gabon,1957,1
Gabon,1960,1
Gabon,1964,3
Gabon,1965,1
Gabon,1966,2
Gabon,1967,1
Gabon,1972,1
Gabon,1977,1
Gabon,1978,1
Gabon,1979,14
Gabon,1980,1
Gabon,1981,1
Gabon,1982,1
Gabon,1983,1
Gabon,1986,1
Gabon,1995,1
Gabon,2000,3
Gabon,2001,1
Gabon,2002,1
Gabon,2005,1
Gabon,2008,1
Georgia,1889,3
Georgia,1939,3
Germany,1883,4
Germany,1885,1
Germany,1889,183
Germany,1890,5
Germany,1895,1
Germany,1907,1
Germany,1909,17
Germany,1910,2
Germany,1911,4
Germany,1912,3
Germany,1913,11
Germany,1914,2
Germany,1916,10
Germany,1917,239
Germany,1921,3
Germany,1922,1
Germany,1923,2
Germany,1924,2
Germany,1925,2
Germany,1926,1
Germany,1928,62
Germany,1929,2
Germany,1930,3
Germany,1931,8
Germany,1932,14
Germany,1933,2
Germany,1934,1
Germany,1935,1
Germany,1937,6
Germany,1938,1
Germany,1939,6
Germany,1940,1
Germany,1941,18
Germany,1943,2
Germany,1944,3
Germany,1946,1
Germany,1947,14
Germany,1948,1
Germany,1949,2
Germany,1950,4
Germany,1951,3
Germany,1952,8
Germany,1953,13
Germany,1954,1
Germany,1955,3
Germany,1956,3
Germany,1957,1
Germany,1960,1
Germany,1961,3
Germany,1962,1
Germany,1963,4
Germany,1964,12
Germany,1965,3
Germany,1967,2
Germany,1968,1
Germany,1969,5
Germany,1970,10
Germany,1971,3
Germany,1972,2
Germany,1973,3
Germany,1975,2
Germany,1976,4
Germany,1977,5
Germany,1978,2
Germany,1979,4
Germany,1980,11
Germany,1981,3
Germany,1982,7
Germany,1983,6
Germany,1984,3
Germany,1985,8
Germany,1986,4
Germany,1987,4
Germany,1988,2
Germany,1989,14
Germany,1991,14
Germany,1992,3
Germany,1993,3
Germany,1994,1
Germany,1995,4
Germany,1996,9
Germany,1997,1
Germany,1998,6
Germany,1999,1
Germany,2000,3
Germany,2001,1
Germany,2002,13
Germany,2003,5
Germany,2004,5
Germany,2005,5
Germany,2006,5
Germany,2007,4
Germany,2008,3
Germany,2009,5
Germany,2010,3
Germany,2011,19
Germany,2012,3
Germany,2013,6
Germany,2014,4
Germany,2016,2
Germany,2018,2
Ghana,1889,7
Ghana,1960,1
Ghana,1961,5
Ghana,1962,1
Ghana,1963,2
Ghana,1964,9
Ghana,1967,1
Ghana,1968,1
Ghana,1969,2
Ghana,1972,1
Ghana,1973,6
Ghana,1975,1
Ghana,1976,3
Ghana,1977,4
Ghana,1978,1
Ghana,1979,20
Ghana,1980,7
Ghana,1981,1
Ghana,1982,6
Ghana,1983,1
Ghana,1984,2
Ghana,1985,1
Ghana,1986,4
Ghana,1987,5
Ghana,1990,2
Ghana,1993,3
Ghana,1994,26
Ghana,1997,7
Ghana,1998,1
Ghana,1999,3
Ghana,2001,2
Ghana,2004,1
Ghana,2006,1
Ghana,2010,13
Ghana,2012,1
Ghana,2015,2
Ghana,2017,1
Ghana,2018,1
Greece,1879,13
Greece,1889,10
Greece,1909,3
Greece,1912,1
Greece,1924,1
Greece,1926,6
Greece,1930,2
Greece,1931,2
Greece,1936,2
Greece,1946,1
Greece,1949,1
Greece,1960,2
Greece,1962,3
Greece,1976,1
Greece,1978,1
Greece,1979,1
Greece,1994,1
Greece,2000,1
Greece,2003,1
Greenland,1889,1
Greenland,2011,3
Guatemala,1889,9
Guatemala,1916,2
Guatemala,1939,1
Guatemala,1946,15
Guatemala,1951,1
Guatemala,1960,1
Guatemala,1963,2
Guatemala,1964,6
Guatemala,1967,2
Guatemala,1968,1
Guatemala,1970,1
Guatemala,1978,1
Guatemala,1979,7
Guatemala,1980,1
Guatemala,1982,3
Guatemala,1983,3
Guatemala,1984,3
Guatemala,1985,1
Guatemala,1986,1
Guatemala,1987,2
Guatemala,1989,3
Guatemala,1991,1
Guatemala,1993,44
Guatemala,1995,1
Guatemala,1999,3
Guatemala,2000,1
Guatemala,2003,1
Guatemala,2004,1
Guatemala,2005,2
Guatemala,2007,1
Guatemala,2015,5
Guinea,1889,10
Guinea,1961,1
Guinea,1964,4
Guinea,1966,1
Guinea,1968,1
Guinea,1969,1
Guinea,1979,9
Guinea,1983,1
Guinea,2001,1
Guinea,2003,1
Guinea,2004,1
Guinea,2008,2
Guinea,2012,4
Guinea,2013,1
Guinea-Bissau,1969,1
Guinea-Bissau,1979,2
Guinea-Bissau,1982,1
Guinea-Bissau,2009,1
Guyana,1889,25
Honduras,1972,1
Honduras,1979,2
Hungary,1885,13
Hungary,1889,3
Hungary,1909,8
Hungary,1943,1
Hungary,1953,1
Hungary,1954,1
Hungary,2002,1
Hungary,2006,1
Hungary,2010,1
Hungary,2011,1
India,1881,3
India,1888,1
India,1889,154
India,1891,47
India,1896,1
India,1897,1
India,1898,15
India,1905,2
India,1907,7
India,1908,10
India,1909,31
India,1910,12
India,1911,3
India,1912,1
India,1913,57
India,1914,4
India,1915,166
India,1916,5
India,1917,10
India,1918,6
India,1919,17
India,1920,17
India,1921,24
India,1922,4
India,1923,13
India,1924,19
India,1925,13
India,1926,11
India,1927,26
India,1928,13
India,1929,6
India,1930,29
India,1931,8
India,1933,3
India,1934,1
India,1935,6
India,1936,3
India,1940,5
India,1941,14
India,1942,1
India,1943,6
India,1944,3
India,1945,4
India,1946,120
India,1947,1
India,1948,7
India,1949,13
India,1950,10
India,1952,5
India,1953,4
India,1954,3
India,1955,56
India,1956,9
India,1957,2
India,1958,1
India,1959,4
India,1960,2
India,1961,3
India,1962,5
India,1963,1
India,1964,2
India,1967,4
India,1968,12
India,1969,1
India,1970,4
India,1971,5
India,1972,4
India,1973,1
India,1974,4
India,1975,7
India,1976,10
India,1977,3
India,1978,6
India,1979,13
India,1980,2
India,1981,4
India,1982,17
India,1983,20
India,1984,11
India,1985,12
India,1986,23
India,1987,7
India,1988,12
India,1989,1
India,1990,5
India,1991,6
India,1992,6
India,1993,5
India,1994,8
India,1995,3
India,1996,3
India,1997,9
India,1998,6
India,1999,4
India,2000,3
India,2001,3
India,2002,13
India,2003,3
India,2004,6
India,2005,3
India,2006,1
India,2007,9
India,2008,17
India,2009,14
India,2010,3
India,2011,5
India,2012,7
India,2013,11
India,2014,10
India,2015,75
India,2016,4
India,2017,6
India,2018,10
Indonesia,1889,30
Indonesia,1894,1
Indonesia,1909,1
Indonesia,1917,13
Indonesia,1919,3
Indonesia,1921,2
Indonesia,1922,7
Indonesia,1923,3
Indonesia,1924,2
Indonesia,1926,2
Indonesia,1928,1
Indonesia,1930,17
Indonesia,1933,2
Indonesia,1936,1
Indonesia,1942,5
Indonesia,1944,1
Indonesia,1945,6
Indonesia,1946,1
Indonesia,1950,4
Indonesia,1951,2
Indonesia,1952,8
Indonesia,1954,8
Indonesia,1956,3
Indonesia,1958,13
Indonesia,1960,2
Indonesia,1961,4
Indonesia,1962,20
Indonesia,1964,9
Indonesia,1965,611
Indonesia,1967,4
Indonesia,1968,2
Indonesia,1969,6
Indonesia,1970,3
Indonesia,1971,20
Indonesia,1973,2
Indonesia,1976,4
Indonesia,1977,52
Indonesia,1978,3
Indonesia,1979,38
Indonesia,1981,1
Indonesia,1982,1
Indonesia,1983,1
Indonesia,1985,1
Indonesia,1986,15
Indonesia,1987,11
Indonesia,1988,214
Indonesia,1989,1
Indonesia,1990,41
Indonesia,1992,3
Indonesia,1993,3
Indonesia,1995,8
Indonesia,1996,2
Indonesia,1997,79
Indonesia,1998,20
Indonesia,1999,2
Indonesia,2000,14
Indonesia,2001,2
Indonesia,2004,3
Indonesia,2006,6
Indonesia,2007,2
Indonesia,2009,20
Indonesia,2010,3
Indonesia,2011,12
Indonesia,2012,6
Indonesia,2013,35
Indonesia,2015,2
Indonesia,2016,5
Indonesia,2017,9
Indonesia,2018,2
Iran,1080,1
Iran,1105,1
Iran,1266,1
Iran,1310,1
Iran,1420,1
Iran,1439,1
Iran,1874,1
Iran,1879,1
Iran,1881,2
Iran,1883,40
Iran,1888,2
Iran,1889,52
Iran,1890,5
Iran,1891,209
Iran,1898,9
Iran,1902,3
Iran,1903,4
Iran,1904,1
Iran,1906,6
Iran,1907,16
Iran,1908,47
Iran,1909,25
Iran,1910,14
Iran,1911,13
Iran,1912,29
Iran,1913,52
Iran,1914,9
Iran,1915,64
Iran,1916,10
Iran,1917,87
Iran,1918,4
Iran,1919,14
Iran,1920,136
Iran,1921,13
Iran,1922,21
Iran,1923,15
Iran,1924,15
Iran,1925,9
Iran,1926,25
Iran,1927,17
Iran,1928,14
Iran,1929,24
Iran,1930,19
Iran,1931,12
Iran,1932,13
Iran,1933,55
Iran,1934,19
Iran,1935,29
Iran,1936,68
Iran,1937,53
Iran,1938,305
Iran,1939,786
Iran,1940,714
Iran,1941,57
Iran,1942,8
Iran,1943,6
Iran,1944,6
Iran,1945,6
Iran,1946,17
Iran,1947,10
Iran,1948,2215
Iran,1949,13
Iran,1950,15
Iran,1951,8
Iran,1952,43
Iran,1953,12
Iran,1954,7
Iran,1955,20
Iran,1956,33
Iran,1957,33
Iran,1958,5
Iran,1959,11
Iran,1960,13
Iran,1961,16
Iran,1962,12
Iran,1963,24
Iran,1964,24
Iran,1965,31
Iran,1966,32
Iran,1967,33
Iran,1968,26
Iran,1969,28
Iran,1970,99
Iran,1971,62
Iran,1972,21
Iran,1973,11
Iran,1974,78
Iran,1975,44
Iran,1976,14
Iran,1977,7
Iran,1978,21
Iran,1979,21
Iran,1980,48
Iran,1981,10
Iran,1982,12
Iran,1983,5
Iran,1984,3
Iran,1985,4
Iran,1986,5
Iran,1987,4
Iran,1988,9
Iran,1989,1
Iran,1990,1
Iran,1991,3
Iran,1993,2
Iran,1994,14
Iran,1995,7
Iran,1996,10
Iran,1997,1
Iran,1998,3
Iran,2000,6
Iran,2001,3
Iran,2002,98
Iran,2003,9
Iran,2004,1
Iran,2005,1
Iran,2006,10
Iran,2007,7
Iran,2008,3
Iran,2009,4
Iran,2010,4
Iran,2011,3
Iran,2012,5
Iran,2013,15
Iran,2014,7
Iran,2015,61
Iran,2016,10
Iran,2017,30
Iran,2018,27
Iraq,1157,1
Iraq,1866,1
Iraq,1874,1
Iraq,1886,2
Iraq,1889,1
Iraq,1890,4
Iraq,1891,3
Iraq,1893,2
Iraq,1895,3
Iraq,1898,4
Iraq,1904,2
Iraq,1907,3
Iraq,1908,5
Iraq,1910,2
Iraq,1911,1
Iraq,1913,1
Iraq,1915,1
Iraq,1917,3
Iraq,1920,6
Iraq,1921,2
Iraq,1922,1
Iraq,1923,37
Iraq,1924,1
Iraq,1925,2
Iraq,1926,1
Iraq,1927,6
Iraq,1928,3
Iraq,1929,1
Iraq,1930,3
Iraq,1931,16
Iraq,1932,221
Iraq,1933,14
Iraq,1934,1
Iraq,1935,1
Iraq,1937,2
Iraq,1939,3
Iraq,1940,1
Iraq,1941,1
Iraq,1946,1
Iraq,1948,1
Iraq,1950,2
Iraq,1952,28
Iraq,1953,1
Iraq,1954,4
Iraq,1955,1
Iraq,1956,2
Iraq,1959,1
Iraq,1960,3
Iraq,1962,1
Iraq,1963,2
Iraq,1964,3
Iraq,1965,4
Iraq,1966,3
Iraq,1967,1
Iraq,1971,1
Iraq,1973,1
Iraq,1974,1
Iraq,1975,1
Iraq,1976,1
Iraq,1977,1
Iraq,1978,1
Iraq,1979,1
Iraq,1988,1
Iraq,1990,1
Iraq,1993,1
Iraq,1995,1
Iraq,1996,1
Iraq,1998,1
Iraq,1999,1
Iraq,2001,2
Iraq,2004,1
Iraq,2005,1
Iraq,2008,1
Iraq,2015,3
Ireland,1889,5
Ireland,1933,1
Ireland,1947,2
Ireland,1948,1
Ireland,1949,1
Ireland,1954,2
Ireland,1970,1
Ireland,1973,1
Ireland,1976,1
Ireland,1981,1
Ireland,1998,2
Ireland,2003,1
Ireland,2006,2
Ireland,2013,1
Israel,1265,1
Israel,1274,1
Israel,1908,1
Israel,1910,4
Israel,1918,1
Israel,1937,49
Israel,1939,6
Israel,1941,7
Israel,1942,4
Israel,1943,1
Israel,1945,1
Israel,1946,1
Israel,1952,1
Israel,1955,1
Israel,1961,6
Israel,1964,5
Israel,1970,1
Israel,1976,1
Israel,1978,1
Israel,1980,2
Israel,1989,1
Israel,1990,1
Israel,1993,1
Israel,2008,3
Italy,1072,1
Italy,1863,1
Italy,1883,3
Italy,1888,1
Italy,1889,188
Italy,1890,2
Italy,1891,1
Italy,1895,9
Italy,1899,1
Italy,1901,1
Italy,1902,1
Italy,1907,3
Italy,1908,7
Italy,1909,13
Italy,1910,4
Italy,1911,13
Italy,1912,7
Italy,1913,1
Italy,1914,1
Italy,1915,4
Italy,1916,6
Italy,1917,30
Italy,1918,4
Italy,1921,8
Italy,1922,1
Italy,1923,9
Italy,1925,7
Italy,1926,3
Italy,1927,2
Italy,1928,5
Italy,1930,7
Italy,1931,2
Italy,1933,10
Italy,1935,1
Italy,1937,1
Italy,1938,1
Italy,1941,4
Italy,1942,1
Italy,1944,2
Italy,1945,1
Italy,1946,30
Italy,1947,6
Italy,1948,2
Italy,1949,3
Italy,1950,1
Italy,1951,3
Italy,1952,2
Italy,1953,6
Italy,1955,6
Italy,1957,4
Italy,1958,1
Italy,1960,10
Italy,1961,1
Italy,1962,3
Italy,1963,5
Italy,1964,4
Italy,1966,1
Italy,1967,10
Italy,1969,2
Italy,1971,1
Italy,1972,1
Italy,1973,2
Italy,1974,1
Italy,1975,1
Italy,1977,2
Italy,1979,3
Italy,1980,3
Italy,1981,5
Italy,1982,4
Italy,1984,2
Italy,1985,1
Italy,1986,1
Italy,1988,2
Italy,1989,10
Italy,1990,1
Italy,1991,3
Italy,1992,2
Italy,1993,1
Italy,1994,2
Italy,1997,2
Italy,1998,2
Italy,1999,1
Italy,2000,3
Italy,2001,2
Italy,2002,2
Italy,2003,1
Italy,2005,1
Italy,2006,4
Italy,2007,1
Italy,2008,6
Italy,2009,2
Italy,2010,2
Italy,2011,15
Italy,2013,1
Italy,2015,3
Italy,2018,2
Ivory Coast,1955,3
Ivory Coast,1958,3
Ivory Coast,1960,6
Ivory Coast,1961,2
Ivory Coast,1962,3
Ivory Coast,1963,2
Ivory Coast,1964,12
Ivory Coast,1965,5
Ivory Coast,1966,3
Ivory Coast,1967,2
Ivory Coast,1968,1
Ivory Coast,1969,6
Ivory Coast,1971,2
Ivory Coast,1973,1
Ivory Coast,1974,1
Ivory Coast,1976,5
Ivory Coast,1977,11
Ivory Coast,1978,3
Ivory Coast,1979,72
Ivory Coast,1980,47
Ivory Coast,1981,28
Ivory Coast,1982,20
Ivory Coast,1983,9
Ivory Coast,1984,21
Ivory Coast,1985,11
Ivory Coast,1986,7
Ivory Coast,1988,3
Ivory Coast,1990,1
Ivory Coast,1991,3
Ivory Coast,1992,1
Ivory Coast,1993,2
Ivory Coast,1994,4
Ivory Coast,1995,1
Ivory Coast,1996,1
Ivory Coast,1997,3
Ivory Coast,1998,2
Ivory Coast,2000,9
Ivory Coast,2001,2
Ivory Coast,2004,2
Ivory Coast,2005,2
Ivory Coast,2006,2
Ivory Coast,2007,2
Ivory Coast,2008,2
Ivory Coast,2009,5
Ivory Coast,2010,1
Ivory Coast,2011,1
Ivory Coast,2013,4
Ivory Coast,2014,3
Ivory Coast,2015,2
Ivory Coast,2018,1
Japan,1883,4
Japan,1889,173
Japan,1927,1
Japan,1929,1
Japan,1946,5
Japan,1948,7
Japan,1968,4
Japan,1969,3
Japan,1976,1
Japan,1978,14
Japan,1986,19
Japan,1988,1
Japan,1989,1
Japan,1990,1
Japan,1998,1
Japan,2001,1
Japan,2007,1
Japan,2016,1
Jordan,1660,1
Jordan,1663,1
Jordan,1929,3
Jordan,1966,1
Kenya,1889,6
Kenya,1968,1
Kenya,1970,1
Kenya,1972,1
Kenya,1975,1
Kenya,1979,2
Kenya,1984,5
Kenya,1986,2
Kenya,1990,2
Kenya,1993,1
Kenya,1997,2
Kenya,1998,2
Kenya,2008,2
Kiribati,1983,5
Kuwait,1991,1
Laos,1966,1
Laos,1997,1
Lebanon,1939,1
Lesotho,1986,1
Liberia,1889,4
Liberia,1964,1
Liberia,1972,1
Liberia,1976,2
Liberia,1979,19
Liberia,1980,1
Liberia,1982,1
Liberia,1983,1
Liberia,1984,4
Liberia,1985,1
Liberia,1989,9
Liberia,1990,3
Liberia,1992,5
Liberia,1994,1
Liberia,2000,4
Macedonia,1976,6
Madagascar,1889,16
Madagascar,1946,1
Madagascar,1969,1
Madagascar,1979,3
Madagascar,1981,1
Madagascar,1992,1
Madagascar,1995,1
Madagascar,1996,1
Madagascar,1997,1
Madagascar,1998,1
Madagascar,1999,2
Madagascar,2000,1
Madagascar,2001,1
Madagascar,2013,1
Malawi,1889,1
Malawi,1981,1
Malaysia,1889,4
Malaysia,1946,2
Malaysia,1988,19
Malaysia,1990,1
Malaysia,1995,1
Malaysia,1996,4
Malaysia,1997,11
Malaysia,2000,4
Malaysia,2007,1
Malaysia,2013,3
Malaysia,2016,3
Malaysia,2018,12
Mali,1889,1
Mali,1955,1
Mali,1959,2
Mali,1960,4
Mali,1961,3
Mali,1962,2
Mali,1963,2
Mali,1964,7
Mali,1965,6
Mali,1969,15
Mali,1971,1
Mali,1975,4
Mali,1976,2
Mali,1977,65
Mali,1978,4
Mali,1979,66
Mali,1980,8
Mali,1981,8
Mali,1982,4
Mali,1983,2
Mali,1984,10
Mali,1985,13
Mali,1986,4
Mali,1987,23
Mali,1988,1
Mali,1989,3
Mali,1990,3
Mali,1991,2
Mali,1992,1
Mali,1993,1
Mali,1994,2
Mali,1995,1
Mali,1996,1
Mali,1997,18
Mali,1998,13
Mali,1999,8
Mali,2000,5
Mali,2002,4
Mali,2003,4
Mali,2005,6
Mali,2006,2
Mali,2007,1
Mali,2008,1
Mali,2010,1
Mali,2011,1
Mali,2014,1
Mali,2015,24
Mali,2016,1
Mali,2017,20
Mali,2018,1
Malta,1889,1
Mauritania,2001,1
Mauritania,2017,2
Mexico,1021,1
Mexico,1099,1
Mexico,1253,1
Mexico,1511,1
Mexico,1651,1
Mexico,1877,1
Mexico,1888,1
Mexico,1889,113
Mexico,1890,1
Mexico,1893,2
Mexico,1900,187
Mexico,1906,1
Mexico,1907,1
Mexico,1908,6
Mexico,1909,1
Mexico,1910,2
Mexico,1911,115
Mexico,1912,2
Mexico,1913,1
Mexico,1914,3
Mexico,1916,16
Mexico,1917,15
Mexico,1922,1
Mexico,1928,1
Mexico,1935,6
Mexico,1938,3
Mexico,1941,1
Mexico,1945,1
Mexico,1951,1
Mexico,1953,2
Mexico,1955,6
Mexico,1957,7
Mexico,1959,2
Mexico,1960,2
Mexico,1961,4
Mexico,1962,2
Mexico,1963,23
Mexico,1964,7
Mexico,1965,4
Mexico,1966,5
Mexico,1967,6
Mexico,1968,1
Mexico,1969,9
Mexico,1970,3
Mexico,1971,3
Mexico,1974,5
Mexico,1975,5
Mexico,1977,6
Mexico,1978,8
Mexico,1979,211
Mexico,1980,2
Mexico,1981,1
Mexico,1982,3
Mexico,1983,15
Mexico,1984,2
Mexico,1985,3
Mexico,1986,32
Mexico,1987,11
Mexico,1988,2
Mexico,1989,27
Mexico,1991,3
Mexico,1992,3
Mexico,1993,484
Mexico,1994,8
Mexico,1995,6
Mexico,1996,13
Mexico,1997,2
Mexico,1998,14
Mexico,1999,3
Mexico,2000,1
Mexico,2001,2
Mexico,2002,7
Mexico,2004,6
Mexico,2005,26
Mexico,2006,1
Mexico,2007,10
Mexico,2008,2
Mexico,2009,4
Mexico,2011,7
Mexico,2012,5
Mexico,2013,3
Mexico,2014,29
Mexico,2015,3
Mexico,2016,4
Mexico,2017,6
Mexico,2018,7
Mongolia,1986,1
Mongolia,2000,1
Mongolia,2001,2
Mongolia,2002,1
Mongolia,2003,3
Morocco,1889,15
Morocco,1891,4
Morocco,1908,1
Morocco,1909,11
Morocco,1914,2
Morocco,1917,2
Morocco,1919,1
Morocco,1920,1
Morocco,1923,21
Morocco,1924,6
Morocco,1926,1
Morocco,1928,2
Morocco,1930,2
Morocco,1939,1
Morocco,1940,1
Morocco,1941,20
Morocco,1942,6
Morocco,1943,6
Morocco,1944,1
Morocco,1945,8
Morocco,1946,4
Morocco,1947,2
Morocco,1953,1
Morocco,1954,12
Morocco,1959,1
Morocco,1964,1
Morocco,1965,10
Morocco,1966,4
Morocco,1967,21
Morocco,1968,1
Morocco,1970,1
Morocco,1973,1
Morocco,1981,22
Morocco,1982,6
Morocco,1985,5
Morocco,1988,1
Morocco,1990,1
Morocco,1994,1
Morocco,1999,1
Morocco,2004,1
Morocco,2008,4
Morocco,2017,1
Mozambique,1889,5
Mozambique,1986,1
Mozambique,1999,1
Mozambique,2014,2
Myanmar (Burma),1889,1
Namibia,1999,1
Nepal,1946,1
Nepal,1982,1
Nepal,1986,7
Nepal,1990,2
Nepal,1993,1
Nepal,1994,2
Nepal,2005,2
Nepal,2006,1
Netherlands,1889,11
Netherlands,1906,1
Netherlands,1909,1
Netherlands,1910,2
Netherlands,1913,1
Netherlands,1915,1
Netherlands,1916,6
Netherlands,1917,12
Netherlands,1921,2
Netherlands,1924,1
Netherlands,1926,8
Netherlands,1927,1
Netherlands,1931,8
Netherlands,1932,15
Netherlands,1933,16
Netherlands,1934,1
Netherlands,1935,2
Netherlands,1936,1
Netherlands,1937,1
Netherlands,1938,6
Netherlands,1939,1
Netherlands,1941,4
Netherlands,1947,5
Netherlands,1950,2
Netherlands,1952,1
Netherlands,1953,1
Netherlands,1954,1
Netherlands,1955,1
Netherlands,1956,1
Netherlands,1957,2
Netherlands,1958,1
Netherlands,1961,1
Netherlands,1964,3
Netherlands,1965,2
Netherlands,1967,4
Netherlands,1968,1
Netherlands,1972,2
Netherlands,1973,2
Netherlands,1974,1
Netherlands,1976,3
Netherlands,1977,2
Netherlands,1980,1
Netherlands,1982,1
Netherlands,1983,2
Netherlands,1984,1
Netherlands,1990,2
Netherlands,1991,2
Netherlands,1992,1
Netherlands,2005,2
Netherlands,2006,1
Netherlands,2008,3
New Caledonia,1889,4
New Caledonia,1962,1
New Caledonia,1969,1
New Caledonia,1979,9
New Caledonia,1981,1
New Caledonia,1983,1
New Caledonia,1985,2
New Caledonia,1995,1
New Caledonia,1997,1
New Caledonia,2000,1
New Caledonia,2017,2
New Zealand,1889,7
New Zealand,1960,1
New Zealand,1965,1
New Zealand,1979,15
New Zealand,1984,1
New Zealand,1986,1
New Zealand,2007,1
New Zealand,2013,2
New Zealand,2014,2
Nicaragua,1889,3
Niger,1993,1
Niger,1995,1
Niger,1997,2
Niger,1998,3
Niger,1999,1
Niger,2002,1
Niger,2013,4
Nigeria,1889,11
Nigeria,1950,1
Nigeria,1955,1
Nigeria,1956,1
Nigeria,1958,5
Nigeria,1960,7
Nigeria,1961,1
Nigeria,1962,5
Nigeria,1963,2
Nigeria,1964,3
Nigeria,1965,6
Nigeria,1966,3
Nigeria,1967,1
Nigeria,1969,6
Nigeria,1970,6
Nigeria,1971,5
Nigeria,1972,10
Nigeria,1973,12
Nigeria,1974,3
Nigeria,1975,2
Nigeria,1976,8
Nigeria,1977,12
Nigeria,1978,6
Nigeria,1979,85
Nigeria,1980,17
Nigeria,1981,48
Nigeria,1982,8
Nigeria,1983,19
Nigeria,1984,13
Nigeria,1985,2
Nigeria,1986,16
Nigeria,1987,13
Nigeria,1988,9
Nigeria,1989,2
Nigeria,1990,2
Nigeria,1991,170
Nigeria,1992,6
Nigeria,1993,7
Nigeria,1994,14
Nigeria,1995,1
Nigeria,1996,4
Nigeria,1997,8
Nigeria,1998,5
Nigeria,1999,13
Nigeria,2000,7
Nigeria,2001,2
Nigeria,2002,5
Nigeria,2003,1
Nigeria,2004,2
Nigeria,2005,1
Nigeria,2006,3
Nigeria,2007,4
Nigeria,2009,1
Nigeria,2010,3
Nigeria,2011,3
Nigeria,2012,7
Nigeria,2013,5
Nigeria,2014,2
Nigeria,2015,4
Nigeria,2016,1
Nigeria,2017,19
Nigeria,2018,4
Norway,1831,22
Norway,1889,12
Norway,1917,1
Norway,1946,3
Norway,1953,1
Norway,2008,2
Pakistan,1889,2
Pakistan,1902,1
Pakistan,1911,1
Pakistan,1913,1
Pakistan,1917,2
Pakistan,1921,1
Pakistan,1926,1
Pakistan,1928,3
Pakistan,1935,1
Pakistan,1943,1
Pakistan,1948,1
Pakistan,1955,1
Pakistan,1961,2
Pakistan,1967,3
Pakistan,1973,1
Pakistan,1974,1
Pakistan,1977,3
Pakistan,1980,2
Pakistan,2004,1
Pakistan,2007,1
Pakistan,2008,2
Pakistan,2014,1
Pakistan,2015,1
Panama,1397,1
Panama,1613,1
Panama,1685,1
Panama,1745,1
Panama,1777,1
Panama,1889,1
Panama,1891,1
Panama,1904,3
Panama,1938,1
Panama,1954,4
Panama,1957,1
Panama,1960,1
Panama,1969,7
Panama,1971,1
Panama,1976,1
Panama,1977,15
Panama,1979,43
Panama,1986,3
Panama,1989,1
Panama,1991,13
Panama,1993,7
Panama,1995,1
Panama,1997,1
Panama,1998,1
Panama,2004,1
Panama,2007,1
Panama,2008,1
Papua New Guinea,1889,19
Papua New Guinea,1942,2
Papua New Guinea,1955,2
Papua New Guinea,1960,10
Papua New Guinea,1961,7
Papua New Guinea,1962,5
Papua New Guinea,1963,7
Papua New Guinea,1964,5
Papua New Guinea,1965,28
Papua New Guinea,1966,8
Papua New Guinea,1967,15
Papua New Guinea,1968,19
Papua New Guinea,1969,27
Papua New Guinea,1970,3
Papua New Guinea,1972,13
Papua New Guinea,1974,153
Papua New Guinea,1975,155
Papua New Guinea,1976,3
Papua New Guinea,1977,8
Papua New Guinea,1978,1
Papua New Guinea,1979,233
Papua New Guinea,1980,4
Papua New Guinea,1981,10
Papua New Guinea,1982,2
Papua New Guinea,1983,27
Papua New Guinea,1984,3
Papua New Guinea,1985,9
Papua New Guinea,1986,4
Papua New Guinea,1987,9
Papua New Guinea,1990,4
Papua New Guinea,1992,16
Papua New Guinea,1993,2
Papua New Guinea,1994,4
Papua New Guinea,1995,2
Papua New Guinea,1996,3
Papua New Guinea,1997,2
Papua New Guinea,1998,1
Papua New Guinea,1999,1
Papua New Guinea,2000,1
Papua New Guinea,2001,1
Papua New Guinea,2002,4
Papua New Guinea,2004,2
Papua New Guinea,2005,4
Papua New Guinea,2006,1
Papua New Guinea,2007,6
Papua New Guinea,2008,1
Papua New Guinea,2009,2
Papua New Guinea,2011,1
Papua New Guinea,2012,1
Papua New Guinea,2013,4
Papua New Guinea,2014,1
Papua New Guinea,2017,27
Paraguay,1908,8
Paraguay,1926,1
Paraguay,1978,1
Paraguay,1994,1
Peru,1881,2
Peru,1882,28
Peru,1887,4
Peru,1889,32
Peru,1899,1
Peru,1908,3
Peru,1909,26
Peru,1912,1
Peru,1913,1
Peru,1919,1
Peru,1920,1
Peru,1924,1
Peru,1926,1
Peru,1928,44
Peru,1929,26
Peru,1930,13
Peru,1931,2
Peru,1932,27
Peru,1933,192
Peru,1939,1
Peru,1954,1
Peru,1955,1
Peru,1956,6
Peru,1957,2
Peru,1958,3
Peru,1959,11
Peru,1960,8
Peru,1961,13
Peru,1962,97
Peru,1963,130
Peru,1964,775
Peru,1965,62
Peru,1966,24
Peru,1967,60
Peru,1968,8
Peru,1969,55
Peru,1970,36
Peru,1971,2
Peru,1972,4
Peru,1973,5
Peru,1974,9
Peru,1975,5
Peru,1976,46
Peru,1977,35
Peru,1978,2
Peru,1979,425
Peru,1980,54
Peru,1981,37
Peru,1982,4
Peru,1983,37
Peru,1984,8
Peru,1986,715
Peru,1987,4
Peru,1988,4
Peru,1989,7
Peru,1990,16
Peru,1991,26
Peru,1992,12
Peru,1993,157
Peru,1994,4
Peru,1995,7
Peru,1996,9
Peru,1997,36
Peru,1999,4
Peru,2000,13
Peru,2001,9
Peru,2002,5
Peru,2003,8
Peru,2004,4
Peru,2005,4
Peru,2006,2
Peru,2007,3
Peru,2009,1
Peru,2010,2
Peru,2011,1
Peru,2015,1
Peru,2016,1
Peru,2018,3
Philippines,1889,25
Philippines,1930,1
Philippines,1946,1
Philippines,1949,19
Philippines,1961,1
Philippines,1976,2
Philippines,1978,1
Philippines,1982,1
Philippines,1986,1
Philippines,1988,4
Philippines,1989,1
Philippines,1990,1
Philippines,1992,3
Philippines,1993,2
Philippines,1994,21
Philippines,1995,2
Philippines,1997,27
Philippines,2000,3
Philippines,2002,2
Philippines,2008,1
Philippines,2013,3
Poland,1889,1
Poland,1909,1
Poland,2011,1
Portugal,1889,12
Portugal,1940,1
Portugal,1985,1
Portugal,1996,1
Portugal,2008,1
Portugal,2016,1
Puerto Rico,1979,1
Puerto Rico,1995,1
Romania,1889,1
Russia,1889,79
Russia,1913,1
Russia,1917,2
Russia,1941,1
Russia,1943,1
Russia,1946,1
Russia,1957,1
Russia,1976,1
Russia,1977,1
Russia,1989,3
Russia,1996,1
Russia,2004,1
Russia,2005,1
Russia,2008,1
Russia,2011,1
Russia,2014,2
Rwanda,1958,2
Rwanda,1983,1
Rwanda,2007,1
Rwanda,2010,1
Rwanda,2011,1
Rwanda,2013,1
Saudi Arabia,1881,1
Saudi Arabia,1889,5
Saudi Arabia,1891,1
Saudi Arabia,1960,115
Saudi Arabia,1978,1
Saudi Arabia,1980,3
Saudi Arabia,1984,1
Saudi Arabia,1985,1
Senegal,1889,6
Senegal,1975,1
Senegal,2009,3
Senegal,2015,16
Senegal,2016,2
Sierra Leone,1889,5
Sierra Leone,1960,1
Sierra Leone,1965,1
Sierra Leone,1969,1
Sierra Leone,1973,1
Sierra Leone,1977,1
Sierra Leone,1979,6
Sierra Leone,1981,1
Sierra Leone,1982,1
Sierra Leone,1986,2
Sierra Leone,1991,2
Sierra Leone,1992,1
Sierra Leone,1997,1
Sierra Leone,2000,1
Sierra Leone,2013,1
Sierra Leone,2017,8
Slovakia,1889,1
Slovenia,1889,1
Solomon Islands,1889,15
Solomon Islands,1960,2
Solomon Islands,1961,5
Solomon Islands,1967,1
Solomon Islands,1969,1
Solomon Islands,1972,1
Solomon Islands,1973,3
Solomon Islands,1976,1
Solomon Islands,1979,18
Solomon Islands,1980,3
Solomon Islands,1981,1
Solomon Islands,1986,1
Solomon Islands,1987,8
Solomon Islands,1997,7
Solomon Islands,2004,1
Solomon Islands,2010,1
Solomon Islands,2017,1
Somalia,1979,1
Somalia,1984,1
Somalia,1989,1
South Africa,1889,13
South Africa,1975,1
South Africa,1976,1
South Africa,1977,1
South Africa,1978,2
South Africa,1980,1
South Africa,1982,1
South Africa,1984,5
South Africa,1986,1
South Africa,1988,1
South Africa,1990,2
South Africa,1991,2
South Africa,1993,5
South Africa,1997,5
South Africa,2000,3
South Africa,2003,1
South Africa,2005,1
South Africa,2006,2
South Africa,2009,5
South Africa,2012,1
South Africa,2013,2
South Africa,2018,1
Spain,1884,1
Spain,1885,2
Spain,1886,4
Spain,1887,5
Spain,1889,29
Spain,1890,1
Spain,1891,2
Spain,1894,3
Spain,1904,1
Spain,1906,2
Spain,1907,2
Spain,1908,21
Spain,1909,4
Spain,1910,2
Spain,1911,3
Spain,1912,5
Spain,1913,9
Spain,1914,3
Spain,1915,5
Spain,1916,4
Spain,1917,33
Spain,1918,1
Spain,1919,2
Spain,1920,5
Spain,1921,2
Spain,1923,1
Spain,1925,17
Spain,1926,1
Spain,1927,5
Spain,1928,1
Spain,1929,5
Spain,1930,2
Spain,1931,3
Spain,1932,2
Spain,1933,3
Spain,1935,1
Spain,1937,2
Spain,1938,2
Spain,1940,2
Spain,1941,11
Spain,1942,1
Spain,1943,1
Spain,1944,2
Spain,1946,8
Spain,1947,3
Spain,1948,2
Spain,1949,1
Spain,1950,4
Spain,1951,9
Spain,1952,1
Spain,1953,4
Spain,1955,2
Spain,1956,108
Spain,1957,16
Spain,1958,4
Spain,1959,1
Spain,1961,3
Spain,1963,4
Spain,1964,1
Spain,1965,2
Spain,1967,2
Spain,1968,7
Spain,1969,1
Spain,1970,1
Spain,1972,2
Spain,1977,1
Spain,1980,4
Spain,1981,1
Spain,1982,1
Spain,1986,1
Spain,1987,2
Spain,1988,2
Spain,1990,3
Spain,1991,1
Spain,1992,3
Spain,1999,1
Spain,2002,2
Spain,2004,5
Spain,2005,1
Spain,2006,1
Spain,2010,3
Spain,2011,3
Spain,2016,1
Spain,2017,1
Spain,2018,2
Sri Lanka,1891,1
Sudan,1889,3
Sudan,1946,1
Sudan,1963,1
Sudan,1965,1
Sudan,1973,1
Sudan,1977,1
Sudan,1979,1
Sudan,1990,1
Sudan,1993,1
Sudan,1996,1
Sudan,1997,1
Sudan,2002,1
Sudan,2007,1
Sudan,2008,1
Suriname,1963,1
Suriname,1979,7
Sweden,1889,2
Sweden,1917,1
Sweden,1976,1
Sweden,1982,2
Sweden,1992,3
Sweden,2011,1
Switzerland,1883,1
Switzerland,1889,19
Switzerland,1907,1
Switzerland,1917,1
Switzerland,1943,4
Switzerland,1948,1
Switzerland,1950,1
Switzerland,1951,1
Switzerland,1953,1
Switzerland,1958,1
Switzerland,1971,1
Switzerland,1976,26
Switzerland,1982,1
Switzerland,1990,2
Switzerland,2006,1
Syria,1002,1
Syria,1443,1
Syria,1854,1
Syria,1866,1
Syria,1881,1
Syria,1889,33
Syria,1890,2
Syria,1891,23
Syria,1898,1
Syria,1900,1
Syria,1906,4
Syria,1907,28
Syria,1908,73
Syria,1909,11
Syria,1910,10
Syria,1911,1
Syria,1912,1
Syria,1913,43
Syria,1914,1
Syria,1915,28
Syria,1916,7
Syria,1917,17
Syria,1918,4
Syria,1919,1
Syria,1920,16
Syria,1921,4
Syria,1922,8
Syria,1923,5
Syria,1924,1
Syria,1925,1
Syria,1926,1
Syria,1927,2
Syria,1928,5
Syria,1929,10
Syria,1930,1
Syria,1931,1
Syria,1933,1
Syria,1934,3
Syria,1936,3
Syria,1937,4
Syria,1938,3
Syria,1939,3
Syria,1940,1
Syria,1941,12
Syria,1942,3
Syria,1943,2
Syria,1944,5
Syria,1945,2
Syria,1946,2
Syria,1947,2
Syria,1948,19
Syria,1949,1
Syria,1952,2
Syria,1953,1
Syria,1955,6
Syria,1956,18
Syria,1957,7
Syria,1958,4
Syria,1961,5
Syria,1962,5
Syria,1963,1
Syria,1964,3
Syria,1965,4
Syria,1966,2
Syria,1968,5
Syria,1969,3
Syria,1970,6
Syria,1971,5
Syria,1973,2
Syria,1974,2
Syria,1975,3
Syria,1976,1
Syria,1977,2
Syria,1978,3
Syria,1979,6
Syria,1980,1
Syria,1983,1
Syria,1986,16
Syria,1990,2
Syria,1993,2
Syria,1994,4
Syria,1995,1
Syria,1997,1
Syria,1998,1
Syria,1999,1
Syria,2001,2
Syria,2002,2
Syria,2003,1
Syria,2004,1
Syria,2005,1
Syria,2008,3
Syria,2009,2
Syria,2011,1
Syria,2013,2
Syria,2016,1
Taiwan,1987,1
Taiwan,1988,4
Taiwan,1990,1
Taiwan,1993,1
Taiwan,1994,1
Taiwan,2008,1
Taiwan,2011,1
Tajikistan,1986,1
Thailand,1889,58
Thailand,1946,2
Thailand,1976,1
Thailand,1977,2
Thailand,1986,3
Thailand,1990,3
Togo,1976,1
Togo,1979,2
Togo,1981,1
Togo,1983,1
Togo,2007,1
Togo,2015,24
Tonga,1930,1
Tonga,1941,1
Tonga,1946,1
Tonga,1979,3
Tonga,1985,4
Tonga,1997,1
Tunisia,1909,1
Tunisia,1910,2
Tunisia,1923,4
Tunisia,1927,2
Tunisia,1940,1
Tunisia,1941,3
Tunisia,1946,1
Tunisia,1953,1
Tunisia,1954,2
Tunisia,1956,1
Tunisia,1967,6
Tunisia,1974,1
Tunisia,1980,1
Tunisia,1983,1
Tunisia,1995,1
Tunisia,2004,1
Tunisia,2007,1
Tunisia,2009,1
Tunisia,2015,4
Turkey,1036,1
Turkey,1466,1
Turkey,1853,1
Turkey,1879,73
Turkey,1881,1
Turkey,1883,1
Turkey,1889,58
Turkey,1891,34
Turkey,1897,2
Turkey,1898,5
Turkey,1902,25
Turkey,1906,6
Turkey,1907,4
Turkey,1908,27
Turkey,1909,22
Turkey,1910,1
Turkey,1912,5
Turkey,1913,7
Turkey,1914,2
Turkey,1915,31
Turkey,1916,5
Turkey,1917,34
Turkey,1918,1
Turkey,1919,4
Turkey,1920,43
Turkey,1921,1
Turkey,1922,62
Turkey,1923,4
Turkey,1924,1
Turkey,1925,4
Turkey,1926,23
Turkey,1927,4
Turkey,1928,4
Turkey,1929,3
Turkey,1931,4
Turkey,1932,3
Turkey,1933,3
Turkey,1935,4
Turkey,1936,1
Turkey,1938,3
Turkey,1939,11
Turkey,1940,3
Turkey,1941,11
Turkey,1942,2
Turkey,1943,4
Turkey,1944,11
Turkey,1946,6
Turkey,1947,4
Turkey,1948,3
Turkey,1949,11
Turkey,1950,2
Turkey,1951,7
Turkey,1952,25
Turkey,1953,5
Turkey,1954,1
Turkey,1955,5
Turkey,1956,4
Turkey,1957,5
Turkey,1958,1
Turkey,1959,5
Turkey,1961,1
Turkey,1962,6
Turkey,1963,5
Turkey,1965,3
Turkey,1966,26
Turkey,1967,8
Turkey,1968,3
Turkey,1969,3
Turkey,1970,14
Turkey,1971,14
Turkey,1972,12
Turkey,1973,42
Turkey,1974,4
Turkey,1975,8
Turkey,1976,4
Turkey,1977,1
Turkey,1978,6
Turkey,1979,7
Turkey,1980,5
Turkey,1981,4
Turkey,1982,10
Turkey,1983,2
Turkey,1984,5
Turkey,1985,1
Turkey,1986,5
Turkey,1987,1
Turkey,1988,1
Turkey,1990,2
Turkey,1991,5
Turkey,1993,2
Turkey,1994,4
Turkey,1996,2
Turkey,1998,1
Turkey,2000,2
Turkey,2002,45
Turkey,2003,4
Turkey,2004,1
Turkey,2005,1
Turkey,2006,1
Turkey,2008,1
Turkey,2009,11
Turkey,2011,2
Turkey,2012,4
Turkey,2014,7
Turkey,2015,12
Turkey,2016,4
Turkey,2017,7
Turkmenistan,1613,1
Turkmenistan,1615,1
Turkmenistan,1922,8
Turkmenistan,1951,1
Turkmenistan,1961,1
Turkmenistan,1973,5
Turkmenistan,1985,1
Turkmenistan,1988,1
Turkmenistan,1989,1
Turkmenistan,1998,1
Turkmenistan,1999,1
Turkmenistan,2006,1
Turkmenistan,2009,2
Turkmenistan,2017,1
Uganda,1889,11
Uganda,1946,2
Uganda,1972,1
Uganda,1982,1
Uganda,1984,1
Uganda,1986,1
Uganda,2006,1
Uganda,2013,1
Ukraine,1895,2
Ukraine,2008,2
United Kingdom,1856,5
United Kingdom,1876,1
United Kingdom,1883,48
United Kingdom,1889,91
United Kingdom,1890,1
United Kingdom,1898,5
United Kingdom,1903,1
United Kingdom,1904,1
United Kingdom,1907,1
United Kingdom,1908,2
United Kingdom,1909,17
United Kingdom,1910,17
United Kingdom,1911,6
United Kingdom,1912,3
United Kingdom,1913,20
United Kingdom,1914,110
United Kingdom,1915,1
United Kingdom,1916,5
United Kingdom,1917,11
United Kingdom,1918,6
United Kingdom,1919,1
United Kingdom,1920,1
United Kingdom,1922,6
United Kingdom,1923,3
United Kingdom,1924,19
United Kingdom,1925,18
United Kingdom,1926,12
United Kingdom,1927,17
United Kingdom,1928,3
United Kingdom,1930,8
United Kingdom,1931,1
United Kingdom,1932,2
United Kingdom,1933,37
United Kingdom,1934,5
United Kingdom,1935,14
United Kingdom,1936,40
United Kingdom,1937,6
United Kingdom,1938,21
United Kingdom,1939,24
United Kingdom,1940,8
United Kingdom,1941,12
United Kingdom,1942,37
United Kingdom,1943,17
United Kingdom,1944,24
United Kingdom,1945,11
United Kingdom,1946,147
United Kingdom,1947,39
United Kingdom,1948,4
United Kingdom,1950,8
United Kingdom,1951,43
United Kingdom,1952,19
United Kingdom,1953,7
United Kingdom,1954,3
United Kingdom,1955,3
United Kingdom,1956,2
United Kingdom,1957,2
United Kingdom,1958,3
United Kingdom,1959,4
United Kingdom,1961,7
United Kingdom,1962,3
United Kingdom,1963,19
United Kingdom,1964,4
United Kingdom,1965,1
United Kingdom,1966,2
United Kingdom,1967,13
United Kingdom,1968,92
United Kingdom,1969,13
United Kingdom,1970,5
United Kingdom,1971,36
United Kingdom,1972,8
United Kingdom,1973,2
United Kingdom,1975,1
United Kingdom,1976,11
United Kingdom,1978,3
United Kingdom,1979,4
United Kingdom,1980,10
United Kingdom,1981,4
United Kingdom,1982,9
United Kingdom,1983,8
United Kingdom,1984,13
United Kingdom,1985,4
United Kingdom,1986,6
United Kingdom,1987,3
United Kingdom,1988,1
United Kingdom,1989,13
United Kingdom,1990,4
United Kingdom,1991,19
United Kingdom,1992,1
United Kingdom,1993,2
United Kingdom,1995,2
United Kingdom,1996,4
United Kingdom,1997,11
United Kingdom,1998,2
United Kingdom,1999,3
United Kingdom,2000,9
United Kingdom,2001,1
United Kingdom,2002,8
United Kingdom,2003,5
United Kingdom,2004,3
United Kingdom,2005,7
United Kingdom,2006,6
United Kingdom,2007,3
United Kingdom,2008,54
United Kingdom,2009,2
United Kingdom,2011,23
United Kingdom,2012,2
United Kingdom,2013,2
United Kingdom,2014,6
United Kingdom,2015,5
United Kingdom,2016,1
United Kingdom,2018,1
United States,1106,1
United States,1817,1
United States,1877,1
United States,1878,4
United States,1879,27
United States,1883,57
United States,1885,1
United States,1886,1
United States,1888,2
United States,1889,315
United States,1890,5
United States,1892,7
United States,1894,6
United States,1895,4
United States,1896,43
United States,1897,4
United States,1898,1
United States,1899,2
United States,1901,6
United States,1904,2
United States,1906,3
United States,1907,19
United States,1908,13
United States,1909,205
United States,1910,59
United States,1911,5
United States,1912,22
United States,1913,175
United States,1914,55
United States,1915,17
United States,1916,18
United States,1917,31
United States,1918,58
United States,1919,3
United States,1920,38
United States,1921,8
United States,1922,33
United States,1923,51
United States,1924,67
United States,1925,35
United States,1926,33
United States,1927,23
United States,1928,52
United States,1929,13
United States,1930,82
United States,1931,19
United States,1932,22
United States,1933,587
United States,1934,21
United States,1935,15
United States,1936,26
United States,1937,48
United States,1938,33
United States,1939,103
United States,1940,61
United States,1941,105
United States,1942,49
United States,1943,274
United States,1944,79
United States,1945,50
United States,1946,845
United States,1947,238
United States,1948,29
United States,1949,55
United States,1950,19
United States,1951,217
United States,1952,31
United States,1953,49
United States,1954,14
United States,1955,29
United States,1956,17
United States,1957,40
United States,1958,17
United States,1959,15
United States,1960,31
United States,1961,26
United States,1962,84
United States,1963,51
United States,1964,42
United States,1965,42
United States,1966,74
United States,1967,495
United States,1968,226
United States,1969,301
United States,1970,83
United States,1971,102
United States,1972,66
United States,1973,41
United States,1974,71
United States,1975,22
United States,1976,26
United States,1977,53
United States,1978,49
United States,1979,138
United States,1980,170
United States,1981,60
United States,1982,59
United States,1983,79
United States,1984,118
United States,1985,103
United States,1986,112
United States,1987,74
United States,1988,38
United States,1989,51
United States,1990,45
United States,1991,91
United States,1992,55
United States,1993,35
United States,1994,27
United States,1995,24
United States,1996,20
United States,1997,58
United States,1998,15
United States,1999,41
United States,2000,76
United States,2001,44
United States,2002,57
United States,2003,21
United States,2004,40
United States,2005,69
United States,2006,30
United States,2007,22
United States,2008,44
United States,2009,44
United States,2010,21
United States,2011,184
United States,2012,51
United States,2013,75
United States,2014,81
United States,2015,52
United States,2016,108
United States,2017,76
United States,2018,416
Uzbekistan,1852,1
Uzbekistan,1889,1
Uzbekistan,1891,5
Uzbekistan,1907,1
Uzbekistan,1908,5
Uzbekistan,1911,2
Uzbekistan,1913,4
Uzbekistan,1915,2
Uzbekistan,1917,4
Uzbekistan,1918,3
Uzbekistan,1920,4
Uzbekistan,1921,4
Uzbekistan,1922,1
Uzbekistan,1923,2
Uzbekistan,1926,1
Uzbekistan,1928,1
Uzbekistan,1930,1
Uzbekistan,1933,1
Uzbekistan,1939,3
Uzbekistan,1940,3
Uzbekistan,1941,3
Uzbekistan,1944,2
Uzbekistan,1945,25
Uzbekistan,1948,3
Uzbekistan,1949,1
Uzbekistan,1951,1
Uzbekistan,1954,1
Uzbekistan,1956,3
Uzbekistan,1958,1
Uzbekistan,1960,4
Uzbekistan,1961,3
Uzbekistan,1962,1
Uzbekistan,1963,1
Uzbekistan,1971,5
Uzbekistan,1972,2
Uzbekistan,1974,4
Uzbekistan,1975,3
Uzbekistan,1976,2
Uzbekistan,1978,1
Uzbekistan,1981,1
Uzbekistan,1994,2
Uzbekistan,2002,1
Uzbekistan,2003,1
Uzbekistan,2006,1
Uzbekistan,2007,2
Uzbekistan,2008,2
Uzbekistan,2009,2
Uzbekistan,2013,2
Uzbekistan,2015,4
Vanuatu,1889,29
Vanuatu,1957,1
Vanuatu,1958,1
Vanuatu,1960,1
Vanuatu,1961,3
Vanuatu,1965,2
Vanuatu,1966,2
Vanuatu,1968,1
Vanuatu,1969,2
Vanuatu,1972,3
Vanuatu,1975,1
Vanuatu,1978,1
Vanuatu,1979,16
Vanuatu,1988,1
Vanuatu,2000,1
Venezuela,1889,5
Venezuela,1957,1
Vietnam,1946,1
Vietnam,1988,1
Vietnam,1990,1
Vietnam,2000,1
Yemen,1890,1
Yemen,1891,4
Yemen,1929,10
Yemen,1931,2
Yemen,1942,1
Yemen,1953,1
Yugoslavia,1889,4
Yugoslavia,1976,1
Yugoslavia,2011,1
Zambia,1889,3
Zambia,1906,1
Zambia,1946,1
Zambia,1964,1
Zambia,2012,1
Zambia,2016,1
Zimbabwe,1889,1
Zimbabwe,1986,1
Zimbabwe,2001,4
Zimbabwe,2014,2
[],1265,1
[],1889,138
[],1891,1
[],1895,4
[],1899,1
[],1905,2
[],1908,2
[],1909,1
[],1910,1
[],1911,2
[],1913,1
[],1915,4
[],1916,2
[],1917,10
[],1922,1
[],1926,1
[],1929,1
[],1930,1
[],1932,1
[],1940,2
[],1946,7
[],1947,1
[],1948,1
[],1950,1
[],1951,2
[],1953,1
[],1954,1
[],1960,1
[],1961,1
[],1963,2
[],1964,1
[],1965,1
[],1966,2
[],1968,1
[],1969,1
[],1970,2
[],1972,19
[],1974,2
[],1975,7
[],1976,3
[],1978,1
[],1979,18
[],1980,5
[],1981,13
[],1982,15
[],1983,30
[],1984,5
[],1985,4
[],1986,7
[],1987,1
[],1988,4
[],1989,2
[],1990,5
[],1992,5
[],1993,7
[],1994,1
[],1995,3
[],1997,4
[],1999,3
[],2000,9
[],2001,1
[],2002,1
[],2003,7
[],2004,3
[],2005,3
[],2007,1
[],2008,2
[],2009,1
[],2010,2
[],2011,1
[],2013,3
[],2014,2
[],2015,3
[],2017,10
[],2018,1
